SALE TYPE,SOLD DATE,PROPERTY TYPE,ADDRESS,CITY,STATE,ZIP,PRICE,BEDS,BATHS,LOCATION,SQUARE FEET,LOT SIZE,YEAR BUILT,DAYS ON MARKET,$/SQUARE FEET,HOA/MONTH,STATUS,NEXT OPEN HOUSE START TIME,NEXT OPEN HOUSE END TIME,URL (SEE http://www.redfin.com/buy-a-home/comparative-market-analysis FOR INFO ON PRICING),SOURCE,MLS#,FAVORITE,INTERESTED,LATITUDE,LONGITUDE
MLS Listing,,Condo/Co-op,120 W 7Th St #204,Boston,MA,02127,699000,2,2.0,Boston,1076,1076,1910,14,650,288,Active,January-26-2019 12:00 PM,January-26-2019 02:00 PM,http://www.redfin.com/MA/Boston/120-W-7th-St-02127/unit-204/home/9319082,MLS PIN,72439340,N,Y,42.3360342,-71.0531296
MLS Listing,,Single Family Residential,1 Murray Ave,Boston,MA,02119,749999,5,2.5,Roxbury,2044,2469,1900,15,367,,Active,,,http://www.redfin.com/MA/Boston/1-Murray-Ave-02119/home/9291601,MLS PIN,72439067,N,Y,42.3218053,-71.0779
MLS Listing,,Condo/Co-op,106 I St #2,Boston,MA,02127,519900,1,1.0,South Boston,732,732,1900,57,710,200,Active,,,http://www.redfin.com/MA/Boston/106-I-St-02127/unit-2/home/18983089,MLS PIN,72427848,N,Y,42.334396,-71.0397169
MLS Listing,,Single Family Residential,1024 Morton St,Boston,MA,02126,539900,4,1.5,Mattapan,1712,4906,1920,79,315,,Active,,,http://www.redfin.com/MA/Mattapan/1024-Morton-St-02126/home/9098702,MLS PIN,72420548,N,Y,42.2779956,-71.0783991
MLS Listing,,Condo/Co-op,133 Seaport Blvd #1508,Boston,MA,02210,2550000,2,2.5,Seaport District,1496,,2019,1,1705,1663,Active,,,http://www.redfin.com/MA/Boston/133-Seaport-Blvd-02210/unit-1508/home/153254963,MLS PIN,72445328,N,Y,42.3506288,-71.0433311
MLS Listing,,Condo/Co-op,133 Seaport Blvd #502,Boston,MA,02210,744700,0,1.0,Seaport District,525,,2019,1,1418,428,Active,,,http://www.redfin.com/MA/Boston/133-Seaport-Blvd-02210/unit-502/home/153242192,MLS PIN,72445321,N,Y,42.3506288,-71.0433311
MLS Listing,,Condo/Co-op,613 Tremont St #2,Boston,MA,02118,1299000,2,2.0,South End,943,,1880,1,1378,376,Active,January-27-2019 01:00 PM,January-27-2019 02:30 PM,http://www.redfin.com/MA/Boston/613-Tremont-St-02118/unit-2/home/9282502,MLS PIN,72445320,N,Y,42.3428796,-71.0742074
MLS Listing,,Condo/Co-op,197 Bunker Hill St #2,Boston,MA,02129,599000,2,1.0,Charlestown,871,,1880,1,688,220,Active,January-25-2019 12:00 PM,January-25-2019 01:00 PM,http://www.redfin.com/MA/Boston/197-Bunker-Hill-St-02129/unit-2/home/11511859,MLS PIN,72445319,N,Y,42.3789233,-71.0617996
MLS Listing,,Condo/Co-op,133 Seaport Blvd #1820,Boston,MA,02210,3695000,2,2.5,Seaport District,1615,,2019,1,2288,2066,Active,,,http://www.redfin.com/MA/Boston/133-Seaport-Blvd-02210/unit-1820/home/153219201,MLS PIN,72445318,N,Y,42.3506288,-71.0433311
MLS Listing,,Condo/Co-op,133 Seaport Blvd #1518,Boston,MA,02210,1959100,2,2.5,Seaport District,1266,,2019,1,1547,1424,Active,,,http://www.redfin.com/MA/Boston/133-Seaport-Blvd-02210/unit-1518/home/153215372,MLS PIN,72445313,N,Y,42.3506288,-71.0433311
MLS Listing,,Condo/Co-op,110 Stuart St Ph 1,Boston,MA,02116,1690000,1,2.0,Back Bay,1393,1393,2009,1,1213,2091,Active,January-24-2019 11:00 AM,January-24-2019 01:00 PM,http://www.redfin.com/MA/Boston/110-Stuart-St-02116/unit-1/home/39913555,MLS PIN,72445294,N,Y,42.3507923,-71.0655898
MLS Listing,,Single Family Residential,9 Sewall,Boston,MA,02120,1399000,5,4.0,Mission Hill,2500,1306,1890,1,560,,Active,January-27-2019 12:30 PM,January-27-2019 02:00 PM,http://www.redfin.com/MA/Roxbury-Crossing/9-Sewall-St-02120/home/144350540,MLS PIN,72445270,N,Y,42.331316,-71.098336
MLS Listing,,Condo/Co-op,45 First Ave #407,Boston,MA,02129,499000,0,1.0,Charlestown's Navy Yard,500,,2015,1,998,397,Active,January-27-2019 11:00 AM,January-27-2019 12:30 PM,http://www.redfin.com/MA/Boston/45-1st-Ave-02129/unit-407/home/101674077,MLS PIN,72445268,N,Y,42.3761429,-71.0529662
MLS Listing,,Condo/Co-op,82-84 E Brookline St #6,Boston,MA,02118,1295000,2,1.5,South End,1404,1404,2002,1,922,308,Active,January-26-2019 01:30 PM,January-26-2019 03:00 PM,http://www.redfin.com/MA/Boston/82-E-Brookline-St-02118/unit-6/home/21727230,MLS PIN,72445255,N,Y,42.3375029,-71.0697307
MLS Listing,,Condo/Co-op,23 Dix St #2,Boston,MA,02122,549000,2,2.0,Dorchester,1197,7500,1930,1,459,300,Active,January-27-2019 12:00 PM,January-27-2019 01:30 PM,http://www.redfin.com/MA/Dorchester/23-Dix-St-02122/unit-2/home/151700339,MLS PIN,72445221,N,Y,42.295087,-71.0604111
MLS Listing,,Condo/Co-op,23 Dix St #4,Boston,MA,02122,599000,2,2.0,Dorchester,1193,7500,1930,1,502,300,Active,January-27-2019 12:00 PM,January-27-2019 01:30 PM,http://www.redfin.com/MA/Dorchester/23-Dix-St-02122/unit-4/home/151675827,MLS PIN,72445218,N,Y,42.295087,-71.0604111
MLS Listing,,Single Family Residential,23 Lochland Rd,Boston,MA,02136,750000,6,4.0,Fairmount Hill,3378,6074,1997,1,222,,Active,January-27-2019 12:00 PM,January-27-2019 02:00 PM,http://www.redfin.com/MA/Hyde-Park/23-Lochland-Rd-02136/home/9224889,MLS PIN,72445217,N,Y,42.2505283,-71.1094565
MLS Listing,,Condo/Co-op,23 Dix St #3,Boston,MA,02122,639000,3,2.0,Dorchester,1297,7500,1930,1,493,300,Active,January-27-2019 12:00 PM,January-27-2019 01:30 PM,http://www.redfin.com/MA/Dorchester/23-Dix-St-02122/unit-3/home/151659973,MLS PIN,72445215,N,Y,42.295087,-71.0604111
MLS Listing,,Condo/Co-op,1480 Commonwealth Ave Unit 6B,Boston,MA,02134,349900,1,1.0,Brighton,540,,1910,1,648,387,Active,January-26-2019 12:00 PM,January-26-2019 02:00 PM,http://www.redfin.com/MA/Boston/1480-Commonwealth-Ave-02134/unit-6B/home/151507505,MLS PIN,72445201,N,Y,42.3593008,-71.1270268
MLS Listing,,Single Family Residential,30 Alberta St,Boston,MA,02132,699900,5,2.5,West Roxbury,2145,3078,1940,1,326,,Active,January-26-2019 11:30 AM,January-26-2019 01:00 PM,http://www.redfin.com/MA/West-Roxbury/30-Alberta-St-02132/home/9213878,MLS PIN,72445167,N,Y,42.2807214,-71.1594961
MLS Listing,,Condo/Co-op,181 Essex St Unit E403,Boston,MA,02111,695000,1,1.0,Leather District,787,,2006,1,883,458,Active,January-26-2019 11:30 AM,January-26-2019 12:30 PM,http://www.redfin.com/MA/Boston/181-Essex-St-02111/unit-E403/home/12439471,MLS PIN,72445148,N,Y,42.351981,-71.0577947
MLS Listing,,Multi-Family (2-4 Unit),14 Norwell St,Boston,MA,02121,800000,8,3.0,Dorchester,2595,1555,1890,1,308,,Active,,,http://www.redfin.com/MA/Dorchester/14-Norwell-St-02121/home/9081489,MLS PIN,72445141,N,Y,42.3017423,-71.078096
MLS Listing,,Multi-Family (5+ Unit),3-5 Westminster Ave,Boston,MA,02119,2199000,21,8.5,Roxbury,6462,6048,1912,1,340,,Active,,,http://www.redfin.com/MA/Boston/3-Westminster-Ave-02119/home/151070476,MLS PIN,72445137,N,Y,42.316754,-71.0970415
MLS Listing,,Townhouse,11 Rushmore St #11,Boston,MA,02135,649900,2,2.0,Brighton,1133,3920,1920,1,574,150,Active,January-26-2019 11:00 AM,January-26-2019 01:00 PM,http://www.redfin.com/MA/Boston/11-Rushmore-St-02135/unit-11/home/113223360,MLS PIN,72445135,N,Y,42.346103,-71.155133
MLS Listing,,Single Family Residential,93 Babson St,Boston,MA,02126,415750,3,1.5,Mattapan,1352,4700,1950,1,308,,Active,February-2-2019 02:00 PM,February-2-2019 03:15 PM,http://www.redfin.com/MA/Mattapan/93-Babson-St-02126/home/9157445,MLS PIN,72445127,N,Y,42.2727179,-71.0921408
MLS Listing,,Condo/Co-op,128 Beacon Unit A,Boston,MA,02116,7990000,3,3.5,Back Bay,4112,,1899,1,1943,4276,Active,,,http://www.redfin.com/MA/Boston/128-Beacon-St-02116/unit-A/home/11838668,MLS PIN,72445084,N,Y,42.35518,-71.074644
MLS Listing,,Condo/Co-op,24 Harvard St #3,Boston,MA,02129,539000,1,1.0,Charlestown,513,,1880,1,1051,274,Active,January-24-2019 05:30 PM,January-24-2019 06:30 PM,http://www.redfin.com/MA/Boston/24-Harvard-St-02129/unit-3/home/9053761,MLS PIN,72445082,N,Y,42.372368,-71.0633758
MLS Listing,,Multi-Family (2-4 Unit),47 Mount Bowdoin Ter,Boston,MA,02121,889000,8,2.0,Boston,3662,5841,1900,1,243,,Active,,,http://www.redfin.com/MA/Dorchester/47-Mt-Bowdoin-Ter-02121/home/9074959,MLS PIN,72445054,N,Y,42.3027566,-71.0749636
MLS Listing,,Condo/Co-op,57 E Concord St #2,Boston,MA,02118,925000,2,1.0,South End,1348,1348,1900,1,686,595,Active,January-27-2019 12:00 PM,January-27-2019 01:30 PM,http://www.redfin.com/MA/Boston/57-E-Concord-St-02118/unit-2/home/9285299,MLS PIN,72445048,N,Y,42.3364715,-71.0735445
MLS Listing,,Condo/Co-op,8 Seminary St #8,Boston,MA,02129,749000,3,1.5,Charlestown,1193,,1899,1,628,340,Active,January-27-2019 01:00 PM,January-27-2019 02:00 PM,http://www.redfin.com/MA/Boston/8-Seminary-St-02129/unit-8/home/150757387,MLS PIN,72445045,N,Y,42.3748808,-71.06453
MLS Listing,,Condo/Co-op,286 Beacon St #2,Boston,MA,02116,875000,1,1.0,Back Bay,876,,1890,1,999,287,Active,,,http://www.redfin.com/MA/Boston/286-Beacon-St-02116/unit-2/home/9246804,MLS PIN,72445024,N,Y,42.3532492,-71.0817312
MLS Listing,,Condo/Co-op,300 Commercial St Unit 802 803,Boston,MA,02109,2195000,2,2.0,Waterfront,1556,,1986,1,1411,1544,Active,,,http://www.redfin.com/MA/Boston/300-Commercial-St-02113/unit-802-803/home/150684714,MLS PIN,72445005,N,Y,42.3650294,-71.0515875
MLS Listing,,Condo/Co-op,300 Commercial St #803,Boston,MA,02109,1595000,2,2.0,Waterfront,1003,,1986,1,1590,1061,Active,,,http://www.redfin.com/MA/Boston/300-Commercial-St-02109/unit-803/home/9231665,MLS PIN,72445003,N,Y,42.3651152,-71.0514577
MLS Listing,,Condo/Co-op,280 Commonwealth Ave #301,Boston,MA,02116,1400000,2,1.5,Back Bay,1015,1015,1899,1,1379,527,Active,,,http://www.redfin.com/MA/Boston/280-Commonwealth-Ave-02116/unit-301/home/9266504,MLS PIN,72445001,N,Y,42.3498104,-71.0840765
MLS Listing,,Condo/Co-op,34 Ash St #403,Cambridge,MA,02138,775000,2,1.0,Harvard Square,915,,1920,1,847,598,Active,January-24-2019 12:00 PM,January-24-2019 01:00 PM,http://www.redfin.com/MA/Cambridge/34-Ash-St-02138/unit-403/home/138371215,MLS PIN,72444990,N,Y,42.3736405,-71.1256564
MLS Listing,,Condo/Co-op,311 Commonwealth Ave #40,Boston,MA,02115,1395000,2,1.0,Back Bay,1050,,1870,1,1329,635,Active,,,http://www.redfin.com/MA/Boston/311-Commonwealth-Ave-02115/unit-40/home/9243264,MLS PIN,72444980,N,Y,42.3501121,-71.0864907
MLS Listing,,Multi-Family (2-4 Unit),27 Armandine St,Boston,MA,02124,699999,6,4.5,Dorchester's Ashmont,3189,5000,1905,1,220,,Active,,,http://www.redfin.com/MA/Boston/27-Armandine-St-02124/home/9082624,MLS PIN,72444977,N,Y,42.2847851,-71.0722244
MLS Listing,,Condo/Co-op,777 Lagrange St #5,Boston,MA,02132,319900,2,1.0,Boston,615,,1965,1,520,258,Active,January-26-2019 12:00 PM,January-26-2019 02:00 PM,http://www.redfin.com/MA/Boston/777-Lagrange-St-02132/unit-5/home/9327856,MLS PIN,72444965,N,Y,42.2910429,-71.1682721
MLS Listing,,Condo/Co-op,357 Commercial St #106,Boston,MA,02109,649900,2,1.5,Boston,1028,1028,1987,1,632,430,Active,January-26-2019 11:00 AM,January-26-2019 01:00 PM,http://www.redfin.com/MA/Boston/357-Commercial-St-02109/unit-106/home/9230168,MLS PIN,72444942,N,Y,42.3661069,-71.0505699
MLS Listing,,Condo/Co-op,32 Auburn St #1,Boston,MA,02129,799900,3,2.0,Charlestown,1245,,1875,1,642,174,Active,January-26-2019 11:30 AM,January-26-2019 01:00 PM,http://www.redfin.com/MA/Boston/32-Auburn-St-02129/unit-1/home/12431167,MLS PIN,72444934,N,Y,42.3813313,-71.0693081
MLS Listing,,Townhouse,628 E 2nd St #3,Boston,MA,02127,899000,2,2.5,South Boston,1204,1204,2014,1,747,154,Active,January-26-2019 11:00 AM,January-26-2019 12:30 PM,http://www.redfin.com/MA/Boston/628-E-2nd-St-02127/unit-3/home/58904609,MLS PIN,72444930,N,Y,42.3375081,-71.0381466
MLS Listing,,Single Family Residential,437 W 4Th St,Boston,MA,02127,2150000,4,3.5,South Boston,3126,1587,1890,1,688,,Active,January-27-2019 11:00 AM,January-27-2019 01:00 PM,http://www.redfin.com/MA/Boston/437-W-4th-St-02127/home/9190437,MLS PIN,72444928,N,Y,42.3354808,-71.0478384
MLS Listing,,Condo/Co-op,233 W Canton St #3,Boston,MA,02116,295000,0,1.0,South End,264,264,1860,1,1117,107,Active,January-26-2019 11:00 AM,January-26-2019 01:00 PM,http://www.redfin.com/MA/Boston/233-W-Canton-St-02116/unit-3/home/9249500,MLS PIN,72444915,N,Y,42.3456201,-71.0772792
MLS Listing,,Multi-Family (2-4 Unit),41 Summer St,Boston,MA,02136,729000,5,2.5,Hyde Park,2615,9132,1890,1,279,,Active,January-26-2019 12:00 PM,January-26-2019 01:30 PM,http://www.redfin.com/MA/Hyde-Park/41-Summer-St-02136/home/150465358,MLS PIN,72444911,N,Y,42.2582716,-71.1250075
MLS Listing,,Townhouse,218 Florence St Unit E,Boston,MA,02131,399000,3,2.5,Roslindale,1731,1731,1987,1,231,336,Active,January-26-2019 12:00 PM,January-26-2019 01:30 PM,http://www.redfin.com/MA/Boston/218-Florence-St-02131/unit-E/home/137122815,MLS PIN,72444907,N,Y,42.286006,-71.1200211
MLS Listing,,Condo/Co-op,133 Seaport Blvd #716,Boston,MA,02210,1375000,1,1.0,Seaport District,845,,2019,1,1627,837,Active,,,http://www.redfin.com/MA/Boston/133-Seaport-Blvd-02210/unit-716/home/150437643,MLS PIN,72444902,N,Y,42.3506288,-71.0433311
MLS Listing,,Condo/Co-op,133 Seaport Blvd #1101,Boston,MA,02210,1100700,1,1.0,Seaport District,672,,2019,1,1638,679,Active,,,http://www.redfin.com/MA/Boston/133-Seaport-Blvd-02210/unit-1101/home/148367230,MLS PIN,72444899,N,Y,42.3508925,-71.0435336
MLS Listing,,Condo/Co-op,128 Pembroke St #1,Boston,MA,02118,2599000,3,3.5,South End,2542,,1900,1,1022,700,Active,January-24-2019 12:00 PM,January-24-2019 02:00 PM,http://www.redfin.com/MA/Boston/128-Pembroke-St-02118/unit-1/home/9322357,MLS PIN,72444897,N,Y,42.3430079,-71.0775606
MLS Listing,,Townhouse,794 E Seventh St Unit L,Boston,MA,02127,1090000,3,2.5,South Boston,1410,1410,2000,1,773,442,Active,January-27-2019 01:30 PM,January-27-2019 03:00 PM,http://www.redfin.com/MA/Boston/794-E-7th-St-02127/unit-L/home/9303436,MLS PIN,72444894,N,Y,42.3326206,-71.0286744
MLS Listing,,Condo/Co-op,493 Massachusetts Ave #4,Boston,MA,02118,799000,2,1.0,South End,1008,1008,1899,1,793,436,Active,,,http://www.redfin.com/MA/Boston/493-Massachusetts-Ave-02118/unit-4/home/9241758,MLS PIN,72444889,N,Y,42.339503,-71.0808411
MLS Listing,,Condo/Co-op,43 St Botolph St #101,Boston,MA,02115,1050000,2,2.0,Back Bay,1038,,1900,1,1012,320,Active,,,http://www.redfin.com/MA/Boston/43-Saint-Botolph-St-02116/unit-101/home/150390692,MLS PIN,72444888,N,Y,42.3463559,-71.0792294
MLS Listing,,Multi-Family (2-4 Unit),11 Everett,Boston,MA,02128,650000,2,2.0,East Boston's Jeffries Point,1598,1062,1910,1,407,,Active,,,http://www.redfin.com/MA/Boston/11-Everett-St-02128/home/9116098,MLS PIN,72444885,N,Y,42.368432,-71.037235
MLS Listing,,Condo/Co-op,654 E.Seventh St Unit A-1,Boston,MA,02127,795500,2,2.0,South Boston,1266,,2018,1,628,155,Active,January-26-2019 11:30 AM,January-26-2019 01:00 PM,http://www.redfin.com/MA/Boston/654-E-7th-St-02127/unit-A-1/home/150345849,MLS PIN,72444869,N,Y,42.3324813,-71.0341532
MLS Listing,,Townhouse,167 Poplar St #3,Boston,MA,02131,849900,3,2.0,Roslindale,2034,,2018,1,418,336,Active,January-26-2019 12:00 PM,January-26-2019 02:00 PM,http://www.redfin.com/MA/Boston/167-Poplar-St-02131/unit-3/home/150308605,MLS PIN,72444854,N,Y,42.2827269,-71.1279757
MLS Listing,,Condo/Co-op,25 Mercer St #2,Boston,MA,02127,759000,2,2.0,South Boston,1002,,2016,1,757,211,Active,January-27-2019 11:30 AM,January-27-2019 01:00 PM,http://www.redfin.com/MA/Boston/25-Mercer-St-02127/unit-2/home/87931761,MLS PIN,72444847,N,Y,42.3326312,-71.0492601
MLS Listing,,Condo/Co-op,73 Mt Vernon Unit Parlor,Boston,MA,02108,3695000,3,3.5,Beacon Hill,3013,3266,1899,1,1226,791,Active,January-26-2019 12:30 PM,January-26-2019 01:30 PM,http://www.redfin.com/MA/Boston/73-Mount-Vernon-St-02108/unit-Parlor/home/150245582,MLS PIN,72444833,N,Y,42.3584787,-71.0667925
MLS Listing,,Condo/Co-op,366 Dorchester St #7,Boston,MA,02127,699000,2,1.0,South Boston,1183,1183,2002,1,591,459,Active,January-26-2019 12:00 PM,January-26-2019 01:30 PM,http://www.redfin.com/MA/Boston/366-Dorchester-St-02127/unit-7/home/9317762,MLS PIN,72444828,N,Y,42.3302009,-71.0552875
MLS Listing,,Townhouse,167 Poplar St #1,Boston,MA,02131,829900,3,2.5,Roslindale,2034,,2018,1,408,336,Active,January-26-2019 12:00 PM,January-26-2019 02:00 PM,http://www.redfin.com/MA/Boston/167-Poplar-St-02131/unit-1/home/150213598,MLS PIN,72444819,N,Y,42.2827269,-71.1279757
MLS Listing,,Condo/Co-op,35 Nonantum St Unit E,Boston,MA,02135,465000,1,1.0,Brighton,968,,1894,1,480,391,Active,January-26-2019 12:30 PM,January-26-2019 02:00 PM,http://www.redfin.com/MA/Brighton/35-Nonantum-St-02135/unit-E/home/150130316,MLS PIN,72444787,N,Y,42.3501097,-71.1688489
MLS Listing,,Townhouse,17a Albemarle St #1,Boston,MA,02115,1295000,2,2.5,Back Bay,1634,,1891,1,793,386,Active,January-25-2019 12:00 PM,January-25-2019 01:30 PM,http://www.redfin.com/MA/Boston/17-Albemarle-St-02115/unit-1/home/9255020,MLS PIN,72444779,N,Y,42.3420944,-71.0828908
MLS Listing,,Condo/Co-op,37-39 Gallivan Blvd #2,Boston,MA,02124,499900,4,2.0,Dorchester,2000,,1930,1,250,189,Active,January-27-2019 12:00 PM,January-27-2019 01:30 PM,http://www.redfin.com/MA/Boston/37-Gallivan-Blvd-02124/unit-2/home/150032186,MLS PIN,72444749,N,Y,42.2781503,-71.0772856
MLS Listing,,Condo/Co-op,39 HEWLETT St #2,Boston,MA,02131,579000,3,1.5,Roslindale,1193,4320,1925,1,485,196,Active,January-26-2019 11:00 AM,January-26-2019 12:00 PM,http://www.redfin.com/MA/Roslindale/39-Hewlett-St-02131/unit-2/home/150032140,MLS PIN,72444748,N,Y,42.2902053,-71.1350689
MLS Listing,,Multi-Family (2-4 Unit),10 Malta St,Boston,MA,02126,750000,6,3.0,Mattapan,3663,4000,1905,1,205,,Active,February-2-2019 12:00 PM,February-2-2019 02:00 PM,http://www.redfin.com/MA/Mattapan/10-Malta-St-02126/home/9161885,MLS PIN,72444740,N,Y,42.2653012,-71.0977116
MLS Listing,,Condo/Co-op,263 E Cottage St #3,Boston,MA,02125,599000,4,2.0,Dorchester's Savin Hill,1313,99999999,1920,1,456,175,Active,January-26-2019 11:00 AM,January-26-2019 01:00 PM,http://www.redfin.com/MA/Boston/263-E-Cottage-St-02125/unit-3/home/17393752,MLS PIN,72444739,N,Y,42.31835,-71.0579019
MLS Listing,,Townhouse,1B Drayton Ave Unit 1B,Boston,MA,02125,370000,3,1.5,Boston,1588,,2004,1,233,,Active,,,http://www.redfin.com/MA/Boston/1B-Drayton-Ave-02125/unit-1B/home/149947679,MLS PIN,72444734,N,Y,42.311838,-71.0707008
MLS Listing,,Condo/Co-op,22 Sheafe St #1,Boston,MA,02113,1050000,2,2.0,North End,1279,,1900,1,821,188,Active,January-26-2019 12:00 PM,January-26-2019 01:30 PM,http://www.redfin.com/MA/Boston/22-Sheafe-St-02113/unit-1/home/9319766,MLS PIN,72444717,N,Y,42.3662145,-71.0558788
MLS Listing,,Condo/Co-op,89 13Th St Unit A,Boston,MA,02129,444953,1,1.0,Charlestown,676,,1989,1,658,333,Active,January-26-2019 12:00 PM,January-26-2019 01:30 PM,http://www.redfin.com/MA/Boston/89-13th-St-02129/unit-A/home/9052038,MLS PIN,72444687,N,Y,42.3785051,-71.0523149
MLS Listing,,Condo/Co-op,27-29 Commonwealth Ave #1,Newton,MA,02467,519999,1,1.0,Newton,735,14993,1927,2,707,521,Active,January-26-2019 12:00 PM,January-26-2019 01:00 PM,http://www.redfin.com/MA/Chestnut-Hill/27-29-Commonwealth-Ave-02467/unit-1/home/19003438,MLS PIN,72444683,N,Y,42.3401215,-71.1677857
MLS Listing,,Multi-Family (2-4 Unit),116 Farquhar St,Boston,MA,02131,1199000,9,5.0,Roslindale,4432,6000,1985,2,271,,Active,January-24-2019 11:00 AM,January-24-2019 12:00 PM,http://www.redfin.com/MA/Roslindale/116-Farquhar-St-02131/home/11507438,MLS PIN,72444623,N,Y,42.2913843,-71.1388869
MLS Listing,,Condo/Co-op,1 Franklin St #1205,Boston,MA,02110,1668000,2,2.0,Midtown,1161,,2016,2,1437,1158,Active,January-26-2019 12:00 PM,January-26-2019 01:00 PM,http://www.redfin.com/MA/Boston/1-Franklin-St-02110/unit-1205/home/108382031,MLS PIN,72444568,N,Y,42.3563166,-71.0595573
MLS Listing,,Condo/Co-op,1 Franklin St #4304,Boston,MA,02110,4495000,3,3.0,Midtown,2096,,2016,2,2145,2814,Active,January-26-2019 01:00 PM,January-26-2019 02:00 PM,http://www.redfin.com/MA/Boston/1-Franklin-St-02110/unit-4304/home/145254643,MLS PIN,72444567,N,Y,42.3563166,-71.0595573
MLS Listing,,Condo/Co-op,150 Lincoln St Unit 5A,Boston,MA,02111,999000,2,1.0,Leather District,1470,,1900,2,680,882,Active,January-26-2019 12:00 PM,January-26-2019 01:30 PM,http://www.redfin.com/MA/Boston/150-Lincoln-St-02111/unit-5A/home/9264034,MLS PIN,72444544,N,Y,42.351069,-71.0582415
MLS Listing,,Condo/Co-op,386 Commercial St Unit 3E,Boston,MA,02109,749000,2,1.0,Waterfront,970,,1925,2,772,471,Active,January-27-2019 12:00 PM,January-27-2019 01:00 PM,http://www.redfin.com/MA/Boston/386-Commercial-St-02109/unit-3E/home/9270718,MLS PIN,72444533,N,Y,42.3665548,-71.0519357
MLS Listing,,Single Family Residential,66 Harold St,Boston,MA,02119,875000,4,2.5,Harriswood Crescent District - Horatio Harris Park,3954,2357,1889,2,221,,Active,January-27-2019 12:30 PM,January-27-2019 02:00 PM,http://www.redfin.com/MA/Boston/66-Harold-St-02119/home/9295112,MLS PIN,72444528,N,Y,42.318619,-71.0889739
MLS Listing,,Condo/Co-op,990 Centre St #4,Boston,MA,02130,478000,2,2.0,Jamaica Plain,1200,,1885,2,398,1081,Active,January-25-2019 04:00 PM,January-25-2019 06:00 PM,http://www.redfin.com/MA/Jamaica-Plain/990-Centre-St-02130/unit-4/home/148752923,MLS PIN,72444526,N,Y,42.3069498,-71.1235023
MLS Listing,,Condo/Co-op,260 Beacon #5,Boston,MA,02116,3150000,3,3.0,Back Bay,2600,2600,1900,2,1212,1136,Active,January-27-2019 12:00 PM,January-27-2019 01:00 PM,http://www.redfin.com/MA/Boston/260-Beacon-St-02116/unit-5/home/145869747,MLS PIN,72444518,N,Y,42.3536502,-71.0802561
MLS Listing,,Condo/Co-op,54 Bryon Rd #2,Boston,MA,02467,349000,1,1.0,West Roxbury's Chestnut Hill,625,,1955,2,558,251,Active,January-27-2019 01:00 PM,January-27-2019 02:00 PM,http://www.redfin.com/MA/Chestnut-Hill/54-Bryon-Rd-02467/unit-2/home/148752394,MLS PIN,72444423,N,Y,42.3011983,-71.1675668
MLS Listing,,Single Family Residential,39 Round Hl,Boston,MA,02130,849000,9,2.5,Boston,1900,3484,1910,2,447,,Active,January-26-2019 11:00 AM,January-26-2019 01:30 PM,http://www.redfin.com/MA/Jamaica-Plain/39-Round-Hill-St-02130/home/9146846,MLS PIN,72444404,N,Y,42.3247632,-71.1059748
MLS Listing,,Multi-Family (2-4 Unit),270 Princeton St,Boston,MA,02128,1100000,5,3.0,East Boston,3681,2475,1890,2,299,,Active,,,http://www.redfin.com/MA/Boston/270-Princeton-St-02128/home/9120733,MLS PIN,72444394,N,Y,42.3799985,-71.0298816
MLS Listing,,Single Family Residential,73 Nelson St,Boston,MA,02124,289000,3,1.0,Boston,1131,1150,1875,2,256,,Active,,,http://www.redfin.com/MA/Boston/73-Nelson-St-02124/home/9088738,MLS PIN,72444360,N,Y,42.2810117,-71.0820783
MLS Listing,,Condo/Co-op,30 Peterborough St #26,Boston,MA,02215,650000,1,1.0,The Fenway,647,647,1900,2,1005,433,Active,January-26-2019 12:00 PM,January-26-2019 02:00 PM,http://www.redfin.com/MA/Boston/30-Peterborough-St-02215/unit-26/home/9240991,MLS PIN,72444349,N,Y,42.3437719,-71.0960887
MLS Listing,,Condo/Co-op,85 E India Row Unit 38C,Boston,MA,02110,1699000,1,2.0,Waterfront,1226,1226,1972,2,1386,1400,Active,,,http://www.redfin.com/MA/Boston/85-E-India-Row-02110/unit-38C/home/9261898,MLS PIN,72444330,N,Y,42.3581217,-71.0498232
MLS Listing,,Single Family Residential,59 River St,Boston,MA,02108,3250000,4,4.0,Beacon Hill,2848,900,1900,2,1141,,Active,,,http://www.redfin.com/MA/Boston/59-River-St-02108/home/9254471,MLS PIN,72444333,N,Y,42.3574553,-71.0704793
MLS Listing,,Single Family Residential,185 Sycamore St,Boston,MA,02131,634900,3,1.5,Roslindale,1589,4500,1870,2,400,,Active,,,http://www.redfin.com/MA/Roslindale/185-Sycamore-St-02131/home/9179089,MLS PIN,72444325,N,Y,42.2866804,-71.1223267
MLS Listing,,Condo/Co-op,39 HEWLETT St #1,Boston,MA,02131,549000,2,1.5,Roslindale,1045,4320,1925,2,525,188,Active,January-26-2019 11:00 AM,January-26-2019 12:00 PM,http://www.redfin.com/MA/Roslindale/39-Hewlett-St-02131/unit-1/home/148751724,MLS PIN,72444281,N,Y,42.2902053,-71.1350689
MLS Listing,,Condo/Co-op,118 Chandler St #5,Boston,MA,02116,899000,1,1.0,South End,770,770,1890,2,1168,259,Active,January-25-2019 11:30 AM,January-25-2019 01:00 PM,http://www.redfin.com/MA/Boston/118-Chandler-St-02116/unit-5/home/9251427,MLS PIN,72444279,N,Y,42.346007,-71.073819
MLS Listing,,Condo/Co-op,396 Beacon St #1,Boston,MA,02116,589900,1,1.0,Boston,562,,1870,3,1050,355,Active,February-9-2019 11:00 AM,February-9-2019 12:30 PM,http://www.redfin.com/MA/Boston/396-Beacon-St-02116/unit-1/home/9245396,MLS PIN,72444236,N,Y,42.3522778,-71.0853226
MLS Listing,,Condo/Co-op,1 Franklin St #2703,Boston,MA,02110,3495000,3,3.0,Midtown,1741,,2016,3,2007,1962,Active,,,http://www.redfin.com/MA/Boston/1-Franklin-St-02110/unit-2703/home/144861105,MLS PIN,72444195,N,Y,42.3563166,-71.0595573
MLS Listing,,Condo/Co-op,178 Brighton Ave Unit 1A,Boston,MA,02134,499900,3,2.0,Allston,1776,,1920,3,281,405,Active,January-27-2019 01:00 PM,January-27-2019 03:00 PM,http://www.redfin.com/MA/Allston/178-Brighton-Ave-02134/unit-1A/home/148750402,MLS PIN,72444177,N,Y,42.3529291,-71.1333895
MLS Listing,,Single Family Residential,215 Perham St,Boston,MA,02132,635000,3,1.5,West Roxbury,1316,5000,1930,3,483,,Active,,,http://www.redfin.com/MA/West-Roxbury/215-Perham-St-02132/home/9212650,MLS PIN,72444093,N,Y,42.2865693,-71.1683151
MLS Listing,,Multi-Family (2-4 Unit),458 Columbia Rd,Boston,MA,02125,399000,6,6.0,Dorchester's Savin Hill,3150,3316,2019,3,127,,Active,,,http://www.redfin.com/MA/Dorchester/458-Columbia-Rd-02125/home/28689696,MLS PIN,72444084,N,Y,42.3133196,-71.0684648
MLS Listing,,Condo/Co-op,1 Franklin St #2508,Boston,MA,02110,2395000,2,2.0,Midtown,1566,,2016,3,1529,1411,Active,,,http://www.redfin.com/MA/Boston/1-Franklin-St-02110/unit-2508/home/145254530,MLS PIN,72444067,N,Y,42.3563166,-71.0595573
MLS Listing,,Single Family Residential,648 W Roxbury Pkwy,Boston,MA,02131,1800000,5,3.5,Roslindale,4482,8015,1910,3,402,,Active,January-26-2019 12:00 PM,January-26-2019 02:00 PM,http://www.redfin.com/MA/Roslindale/648-W-Roxbury-Pkwy-02131/home/9174320,MLS PIN,72444052,N,Y,42.283774,-71.1468244
MLS Listing,,Townhouse,21 Chickatawbut St #2,Boston,MA,02122,749000,3,3.5,Dorchester,2045,,2018,3,366,250,Active,,,http://www.redfin.com/MA/Boston/21-Chickatawbut-St-02122/unit-2/home/147104853,MLS PIN,72444010,N,Y,42.2867673,-71.0466795
MLS Listing,,Multi-Family (2-4 Unit),163-165 Tremont St,Newton,MA,02458,980000,6,2.0,Newton,2736,3630,1918,4,358,,Active,January-26-2019 12:00 PM,January-26-2019 02:00 PM,http://www.redfin.com/MA/Newton/163-Tremont-St-02458/home/11472150,MLS PIN,72443993,N,Y,42.3523606,-71.1749988
MLS Listing,,Condo/Co-op,137 N #2,Boston,MA,02127,499000,1,1.0,Boston,565,,1900,4,883,160,Active,,,http://www.redfin.com/MA/Boston/137-N-St-02127/unit-2/home/148747257,MLS PIN,72443931,N,Y,42.3336304,-71.031321
MLS Listing,,Condo/Co-op,137 N #1,Boston,MA,02127,799000,3,2.0,Boston,1100,,1900,4,726,190,Active,,,http://www.redfin.com/MA/Boston/137-N-St-02127/unit-1/home/148747248,MLS PIN,72443926,N,Y,42.3336304,-71.031321
MLS Listing,,Condo/Co-op,45 Temple St Ph 2,Boston,MA,02108,9200000,3,3.5,Beacon Hill,2940,,2019,5,3129,5290,Active,,,http://www.redfin.com/MA/Boston/45-Temple-Pl-02111/unit-2/home/148737400,MLS PIN,72443804,N,Y,42.3548993,-71.0619177
MLS Listing,,Condo/Co-op,241 Perkins St Unit D605,Boston,MA,02130,975000,2,3.0,Jamaica Plain,2459,,1987,6,397,2434,Active,,,http://www.redfin.com/MA/Boston/241-Perkins-St-02130/unit-D605/home/9143504,MLS PIN,72442748,N,Y,42.3217324,-71.1222456
MLS Listing,,Condo/Co-op,131-133 Williams St #1,Boston,MA,02130,614000,2,2.0,Jamaica Plain,1003,,1910,6,612,200,Active,,,http://www.redfin.com/MA/Boston/131-Williams-St-02130/unit-1/home/148042230,MLS PIN,72442746,N,Y,42.3040192,-71.1051559
MLS Listing,,Condo/Co-op,131-133 Williams St #2,Boston,MA,02130,614000,2,2.0,Jamaica Plain,963,,1910,6,638,200,Active,,,http://www.redfin.com/MA/Boston/131-Williams-St-02130/unit-2/home/148042275,MLS PIN,72442745,N,Y,42.3040192,-71.1051559
MLS Listing,,Multi-Family (5+ Unit),358-366 Hanover St,Boston,MA,02109,4750000,9,9.0,North End,9876,2678,,6,481,,Active,,,http://www.redfin.com/MA/Boston/358-Hanover-St-02109/home/148735002,MLS PIN,72442709,N,Y,42.365283,-71.053249
MLS Listing,,Condo/Co-op,170 Tremont St #1801,Boston,MA,02111,1325000,3,2.0,Midtown,1430,,1991,6,927,1952,Active,,,http://www.redfin.com/MA/Boston/170-Tremont-St-02111/unit-1801/home/9232403,MLS PIN,72442702,N,Y,42.3536576,-71.063854
MLS Listing,,Condo/Co-op,1 Huntington #201,Boston,MA,02116,1199000,1,1.0,Back Bay,810,,2000,6,1480,792,Active,,,http://www.redfin.com/MA/Boston/1-Huntington-Ave-02116/unit-201/home/9303719,MLS PIN,72442620,N,Y,42.3486909,-71.0782388
MLS Listing,,Multi-Family (2-4 Unit),182 W 8th St,Boston,MA,02127,949000,4,2.5,South Boston,1890,1010,1900,6,502,,Active,January-26-2019 12:00 PM,January-26-2019 01:30 PM,http://www.redfin.com/MA/Boston/182-W-8th-St-02127/home/9195547,MLS PIN,72442613,N,Y,42.3338348,-71.0521328
MLS Listing,,Condo/Co-op,463 Rutherford Ave #305,Boston,MA,02129,759000,2,2.0,Boston,1120,5000,2015,6,678,586,Active,January-27-2019 11:30 AM,January-27-2019 01:30 PM,http://www.redfin.com/MA/Boston/463-Rutherford-Ave-02129/unit-305/home/148734054,MLS PIN,72442612,N,Y,42.3808565,-71.0713251
MLS Listing,,Single Family Residential,7 Bruce St,Boston,MA,02124,525000,4,2.0,Boston,2765,4500,1920,6,190,,Active,,,http://www.redfin.com/MA/Boston/7-Bruce-St-02124/home/9093147,MLS PIN,72442603,N,Y,42.2876649,-71.0592432
MLS Listing,,Condo/Co-op,70 Wordsworth St #3,Boston,MA,02128,465000,2,1.0,East Boston,964,,1910,6,482,204,Active,January-27-2019 12:00 PM,January-27-2019 01:30 PM,http://www.redfin.com/MA/Boston/70-Wordsworth-St-02128/unit-3/home/148733555,MLS PIN,72442542,N,Y,42.3849099,-71.0165905
MLS Listing,,Condo/Co-op,300 Pier 4 Blvd Unit 5C,Boston,MA,02210,6060000,3,2.5,Seaport District,2020,,2019,6,3000,3610,Active,,,http://www.redfin.com/MA/Boston/300-Four-Blvd-02210/unit-5C/home/148733554,MLS PIN,72442541,N,Y,42.3521689,-71.0431394
MLS Listing,,Condo/Co-op,300 Pier 4 Blvd Unit 7F,Boston,MA,02210,2799940,2,2.0,Seaport District,1573,,2019,6,1780,2410,Active,,,http://www.redfin.com/MA/Boston/300-Four-Blvd-02210/unit-7F/home/148733550,MLS PIN,72442539,N,Y,42.3521689,-71.0431394
MLS Listing,,Single Family Residential,10 Crandall St,Boston,MA,02131,549900,3,1.5,Boston,1529,3200,1910,6,360,,Active,,,http://www.redfin.com/MA/Roslindale/10-Crandall-St-02131/home/9174601,MLS PIN,72442534,N,Y,42.281574,-71.1277115
MLS Listing,,Condo/Co-op,776-778 Boylston Unit 6D,Boston,MA,02116,1999000,2,2.5,Back Bay,1474,,2008,6,1356,3304,Active,,,http://www.redfin.com/MA/Boston/776-Boylston-St-02199/unit-6D/home/148732893,MLS PIN,72442445,N,Y,42.3487748,-71.0813479
MLS Listing,,Condo/Co-op,65 67 Border St #5,Boston,MA,02128,658000,2,2.0,East Boston,962,,2018,7,684,230,Active,January-26-2019 11:00 AM,January-26-2019 01:00 PM,http://www.redfin.com/MA/Boston/65-67-Border-St-02128/unit-5/home/148732168,MLS PIN,72442397,N,Y,42.3717655,-71.0418732
MLS Listing,,Multi-Family (2-4 Unit),190 Kelton St,Boston,MA,02134,2550000,14,8.0,Allston,5295,2749,1920,7,482,,Active,,,http://www.redfin.com/MA/Allston/190-Kelton-St-02134/home/9000338,MLS PIN,72442376,N,Y,42.3475661,-71.1378193
MLS Listing,,Condo/Co-op,110 Broad #503,Boston,MA,02110,1850000,1,2.0,Waterfront,1300,,2018,7,1423,910,Active,January-27-2019 01:00 PM,January-27-2019 02:30 PM,http://www.redfin.com/MA/Boston/110-Broad-St-02110/unit-503/home/113073560,MLS PIN,72442352,N,Y,42.3573892,-71.0520518
MLS Listing,,Multi-Family (2-4 Unit),19 Bearse Ave,Boston,MA,02124,759000,3,2.0,Dorchester,1830,5500,1920,7,415,,Active,,,http://www.redfin.com/MA/Boston/19-Bearse-Ave-02124/home/9104335,MLS PIN,72442343,N,Y,42.2711508,-71.0631828
MLS Listing,,Condo/Co-op,56 Belmont St #2,Boston,MA,02129,2079000,4,3.5,Charlestown,2545,,2018,7,817,311,Active,,,http://www.redfin.com/MA/Charlestown/56-Belmont-St-02129/unit-2/home/148731768,MLS PIN,72442339,N,Y,42.3820226,-71.0649355
MLS Listing,,Condo/Co-op,45 Province St #2205,Boston,MA,02108,2799900,3,2.5,Midtown,1998,,2009,7,1401,1661,Active,January-26-2019 11:00 AM,January-26-2019 01:00 PM,http://www.redfin.com/MA/Boston/45-Province-St-02108/unit-2205/home/39913115,MLS PIN,72442313,N,Y,42.3572317,-71.0600121
MLS Listing,,Condo/Co-op,300 Pier 4 Blvd Unit 7G,Boston,MA,02210,4974200,3,3.5,Seaport District,2261,,2019,7,2200,3629,Active,,,http://www.redfin.com/MA/Boston/300-Four-Blvd-02210/unit-7G/home/148731037,MLS PIN,72442238,N,Y,42.3521689,-71.0431394
MLS Listing,,Condo/Co-op,300 Pier 4 Blvd Unit 7L,Boston,MA,02210,2489000,2,2.0,Seaport District,1346,,2019,7,1849,2193,Active,,,http://www.redfin.com/MA/Boston/300-Four-Blvd-02210/unit-7L/home/148731025,MLS PIN,72442233,N,Y,42.3521689,-71.0431394
MLS Listing,,Condo/Co-op,170 Tremont St #606,Boston,MA,02111,689000,1,1.0,Midtown,616,,1989,7,1119,633,Active,January-27-2019 12:00 PM,January-27-2019 01:30 PM,http://www.redfin.com/MA/Boston/170-Tremont-St-02111/unit-606/home/9232247,MLS PIN,72442226,N,Y,42.3536576,-71.063854
MLS Listing,,Condo/Co-op,300 Pier 4 Blvd Unit 8M,Boston,MA,02210,2088000,2,2.5,Seaport District,1392,,2019,7,1500,2173,Active,,,http://www.redfin.com/MA/Boston/300-Four-Blvd-02210/unit-8M/home/148730943,MLS PIN,72442216,N,Y,42.3521689,-71.0431394
MLS Listing,,Condo/Co-op,188 Brookline Ave Unit 22H,Boston,MA,02215,1318000,1,1.0,The Fenway,815,,2018,7,1617,770,Active,,,http://www.redfin.com/MA/Boston/188-Brookline-Ave-02215/unit-22H/home/148730942,MLS PIN,72442215,N,Y,42.3437734,-71.1017218
MLS Listing,,Condo/Co-op,300 Pier 4 Blvd Unit 2K,Boston,MA,02210,1496010,1,1.5,Seaport District,1061,,2019,7,1410,1750,Active,,,http://www.redfin.com/MA/Boston/300-Four-Blvd-02210/unit-2K/home/148730905,MLS PIN,72442207,N,Y,42.3521689,-71.0431394
MLS Listing,,Condo/Co-op,10 Newburg #2,Boston,MA,02131,739900,3,2.5,Roslindale,1635,,1920,7,453,250,Active,,,http://www.redfin.com/MA/Boston/10-Newburg-St-02131/unit-2/home/147418652,MLS PIN,72442195,N,Y,42.2858754,-71.1381906
MLS Listing,,Single Family Residential,126 Newton #126,Boston,MA,02135,999000,3,2.5,Brighton,2194,99999999,2018,7,455,,Active,January-26-2019 01:00 PM,January-26-2019 02:00 PM,http://www.redfin.com/MA/Boston/126-Newton-St-02135/unit-126/home/148730745,MLS PIN,72442188,N,Y,42.3560778,-71.1677671
MLS Listing,,Condo/Co-op,106 13Th St #238,Boston,MA,02129,560000,1,1.0,Charlestown's Navy Yard,824,,1920,7,680,1219,Active,,,http://www.redfin.com/MA/Boston/106-13th-St-02129/unit-238/home/9051119,MLS PIN,72442166,N,Y,42.377706,-71.0505749
MLS Listing,,Condo/Co-op,3531 Washington St #215,Boston,MA,02130,699000,2,2.0,Jamaica Plain,1170,,2019,7,597,9999,Active,January-26-2019 11:00 AM,January-26-2019 01:00 PM,http://www.redfin.com/MA/Boston/3531-Washington-St-02130/unit-215/home/148730695,MLS PIN,72442160,N,Y,42.3046968,-71.1092783
MLS Listing,,Condo/Co-op,110 Stuart Ph 3,Boston,MA,02116,5199000,3,3.5,Back Bay,2574,,2009,7,2020,3516,Active,,,http://www.redfin.com/MA/Boston/110-Stuart-St-02116/unit-3/home/39878482,MLS PIN,72442159,N,Y,42.3507923,-71.0655898
MLS Listing,,Condo/Co-op,300 Commercial St #506,Boston,MA,02109,769000,1,1.0,Waterfront,767,767,1900,7,1003,626,Active,,,http://www.redfin.com/MA/Boston/300-Commercial-St-02109/unit-506/home/9231569,MLS PIN,72442158,N,Y,42.3651152,-71.0514577
MLS Listing,,Condo/Co-op,99 Everett St Unit 3A,Boston,MA,02128,675000,2,2.0,East Boston's Jeffries Point,893,,2019,7,756,290,Active,,,http://www.redfin.com/MA/Boston/99-Everett-St-02128/unit-3A/home/148730672,MLS PIN,72442157,N,Y,42.3671635,-71.034302
MLS Listing,,Single Family Residential,33 White St,Boston,MA,02128,325000,4,1.0,Boston,1440,1400,1920,7,226,,Active,,,http://www.redfin.com/MA/Boston/33-White-St-02128/home/9120921,MLS PIN,72442119,N,Y,42.3803661,-71.037771
MLS Listing,,Multi-Family (2-4 Unit),22 Easton Ave,Boston,MA,02136,499000,3,2.0,Boston,1530,3725,1915,7,326,,Active,,,http://www.redfin.com/MA/Hyde-Park/22-Easton-Ave-02136/home/9136433,MLS PIN,72442114,N,Y,42.2502478,-71.1231043
MLS Listing,,Condo/Co-op,380 Bunker Hl #213,Boston,MA,02129,1099000,2,2.0,Charlestown,1298,,1907,7,847,594,Active,,,http://www.redfin.com/MA/Boston/380-Bunker-Hill-St-02129/unit-213/home/148730409,MLS PIN,72442088,N,Y,42.381908,-71.0693692
MLS Listing,,Single Family Residential,0 Perkins St L:,Boston,MA,02129,999999,0,,Charlestown,99999,1970,2019,7,10,,Active,,,http://www.redfin.com/MA/Boston/Perkins-St-02129/home/148730220,MLS PIN,72442059,N,Y,42.3844394,-71.0791126
MLS Listing,,Condo/Co-op,111 Perkins #025,Boston,MA,02130,499000,2,1.0,Jamaica Plain,1068,,1963,7,467,879,Active,January-27-2019 11:30 AM,January-27-2019 12:30 PM,http://www.redfin.com/MA/Jamaica-Plain/111-Perkins-St-02130/unit-25/home/35624553,MLS PIN,72442041,N,Y,42.3222155,-71.1159742
MLS Listing,,Condo/Co-op,2 Battery Wharf #2508,Boston,MA,02109,2349000,2,2.5,Waterfront,2162,,2009,7,1086,2819,Active,,,http://www.redfin.com/MA/Boston/2-Battery-Wharf-02109/unit-2508/home/25681565,MLS PIN,72442040,N,Y,42.3671015,-71.0504206
MLS Listing,,Single Family Residential,96 Rockwood St,Boston,MA,02130,4500000,8,5.5,Jamaica Plain,15059,205632,1895,7,299,,Active,,,http://www.redfin.com/MA/Jamaica-Plain/96-Rockwood-St-02130/home/9149169,MLS PIN,72442034,N,Y,42.312468,-71.1309725
MLS Listing,,Condo/Co-op,166 Terrace St #401,Boston,MA,02120,599900,2,2.0,Mission Hill,1216,1216,1900,7,493,762,Active,,,http://www.redfin.com/MA/Boston/166-Terrace-St-02120/unit-401/home/148730079,MLS PIN,72442025,N,Y,42.3267436,-71.098524
MLS Listing,,Condo/Co-op,340 Bunker Hill St Unit CHB,Boston,MA,02129,1249000,3,2.5,Charlestown,1723,,1899,7,725,785,Active,January-27-2019 01:30 PM,January-27-2019 03:00 PM,http://www.redfin.com/MA/Boston/340-Bunker-Hill-St-02129/unit-CHB/home/148730047,MLS PIN,72442014,N,Y,42.3812314,-71.0675379
MLS Listing,,Single Family Residential,179 W Second St,Boston,MA,02127,1750000,3,3.5,South Boston,1935,1339,2015,7,904,,Active,January-27-2019 11:30 AM,January-27-2019 01:00 PM,http://www.redfin.com/MA/Boston/179-W-2nd-St-02127/home/114037212,MLS PIN,72442011,N,Y,42.3414975,-71.0516608
MLS Listing,,Single Family Residential,6 Whitman St,Boston,MA,02124,199900,5,2.0,Boston,2152,3479,1880,7,93,,Active,,,http://www.redfin.com/MA/Boston/6-Whitman-St-02124/home/9082792,MLS PIN,72441996,N,Y,42.2877436,-71.0771456
MLS Listing,,Condo/Co-op,65 E India Row Unit 25D,Boston,MA,02110,739000,1,1.0,Waterfront,748,,1970,7,988,798,Active,,,http://www.redfin.com/MA/Boston/65-E-India-Row-02110/unit-25D/home/9260971,MLS PIN,72441995,N,Y,42.3576699,-71.0504859
MLS Listing,,Condo/Co-op,37 Mount Vernon St Unit 2R,Boston,MA,02125,550000,2,2.0,Dorchester's Uphams Corner,925,925,1909,8,595,250,Active,January-24-2019 05:30 PM,January-24-2019 07:00 PM,http://www.redfin.com/MA/Dorchester/37-Mt-Vernon-St-02125/unit-2R/home/18995529,MLS PIN,72441950,N,Y,42.321589,-71.057245
MLS Listing,,Condo/Co-op,1 Franklin St #3607,Boston,MA,02110,2495000,2,2.5,Midtown,1432,,2016,8,1742,1230,Active,,,http://www.redfin.com/MA/Boston/1-Franklin-St-02110/unit-3607/home/142943909,MLS PIN,72441929,N,Y,42.3563166,-71.0595573
MLS Listing,,Condo/Co-op,2 Fernboro St #2,Boston,MA,02121,379000,3,1.0,Roxbury,944,,1890,8,401,,Active,,,http://www.redfin.com/MA/Boston/2-Fernboro-St-02121/unit-2/home/148726287,MLS PIN,72441928,N,Y,42.3114784,-71.076867
MLS Listing,,Single Family Residential,289 Walnut Ave #289,Boston,MA,02119,539999,4,2.5,Boston,2440,3638,1890,8,221,,Active,January-26-2019 02:00 PM,January-26-2019 03:00 PM,http://www.redfin.com/MA/Boston/289-Walnut-Ave-02119/unit-289/home/147712609,MLS PIN,72441918,N,Y,42.316896,-71.093254
MLS Listing,,Single Family Residential,49 Hemman St,Boston,MA,02131,529900,3,1.0,Roslindale,1312,4264,1935,8,404,,Active,,,http://www.redfin.com/MA/Roslindale/49-Hemman-St-02131/home/9177698,MLS PIN,72441908,N,Y,42.2773835,-71.1310537
MLS Listing,,Townhouse,17 Park St #1,Boston,MA,02122,739900,2,2.5,Dorchester,2105,2105,2007,8,351,362,Active,January-26-2019 12:00 PM,January-26-2019 02:00 PM,http://www.redfin.com/MA/Boston/17-Park-St-02122/unit-1/home/12295529,MLS PIN,72441901,N,Y,42.3023146,-71.053786
MLS Listing,,Multi-Family (2-4 Unit),110 Hamilton St,Boston,MA,02125,1049000,9,3.0,Dorchester's Meeting House Hill,4455,5500,1905,8,235,,Active,,,http://www.redfin.com/MA/Dorchester/110-Hamilton-St-02125/home/9071304,MLS PIN,72441898,N,Y,42.3073957,-71.0681853
MLS Listing,,Condo/Co-op,80 Lonsdale St #1,Boston,MA,02124,399000,3,1.0,Dorchester,1076,3520,1890,8,371,170,Active,,,http://www.redfin.com/MA/Boston/80-Lonsdale-St-02124/unit-1/home/11837975,MLS PIN,72441836,N,Y,42.291041,-71.0594153
MLS Listing,,Condo/Co-op,10 Otis Pl Unit 4B,Boston,MA,02108,1750000,3,3.0,Beacon Hill,2060,,1927,8,850,945,Active,,,http://www.redfin.com/MA/Boston/10-Otis-Pl-02108/unit-4B/home/9254625,MLS PIN,72441827,N,Y,42.3570332,-71.0724566
MLS Listing,,Condo/Co-op,85 Willow Ct #303,Boston,MA,02125,799000,2,2.0,Dorchester,1376,,2018,8,581,1,Active,January-24-2019 05:30 PM,January-24-2019 07:30 PM,http://www.redfin.com/MA/Dorchester/85-Willow-Ct-02125/unit-303/home/148725666,MLS PIN,72441792,N,Y,42.3248449,-71.0641578
MLS Listing,,Condo/Co-op,40 Cushing #1,Boston,MA,02125,425000,1,1.0,Dorchester,748,,1900,8,568,210,Active,,,http://www.redfin.com/MA/Boston/40-Cushing-Ave-02125/unit-1/home/9326585,MLS PIN,72441785,N,Y,42.3151364,-71.0644181
MLS Listing,,Multi-Family (5+ Unit),60 E Springfield St,Boston,MA,02118,5600000,8,6.0,South End,4938,1331,1910,8,1134,,Active,,,http://www.redfin.com/MA/Boston/60-E-Springfield-St-02118/home/9285316,MLS PIN,72441770,N,Y,42.335656,-71.074444
MLS Listing,,Condo/Co-op,350 North St #400,Boston,MA,02113,995000,2,1.0,Waterfront,927,,1986,8,1073,679,Active,,,http://www.redfin.com/MA/Boston/350-North-St-02113/unit-400/home/9230990,MLS PIN,72441761,N,Y,42.3655019,-71.0520585
MLS Listing,,Single Family Residential,71 Clearwater Dr,Boston,MA,02126,579000,3,1.5,Mattapan,1201,6600,1947,8,482,,Active,,,http://www.redfin.com/MA/Mattapan/71-Clearwater-Dr-02126/home/9158603,MLS PIN,72441747,N,Y,42.274693,-71.0775634
MLS Listing,,Condo/Co-op,456 Meridian St #2,Boston,MA,02128,629000,2,2.0,Boston,1029,2500,1944,8,611,200,Active,,,http://www.redfin.com/MA/Boston/456-Meridian-St-02128/unit-2/home/148725355,MLS PIN,72441735,N,Y,42.3822496,-71.0394581
MLS Listing,,Condo/Co-op,692 Tremont St #2,Boston,MA,02118,875000,1,2.0,South End,1052,1052,1899,8,832,456,Active,January-26-2019 11:00 AM,January-26-2019 01:00 PM,http://www.redfin.com/MA/Boston/692-Tremont-St-02118/unit-2/home/16872130,MLS PIN,72441720,N,Y,42.3407793,-71.0769653
MLS Listing,,Townhouse,45 Constellation Wharf #45,Boston,MA,02129,1799000,3,3.5,Charlestown,2756,2756,1987,8,653,1996,Active,,,http://www.redfin.com/MA/Boston/45-Constellation-Wharf-02129/unit-45/home/145626993,MLS PIN,72441711,N,Y,42.3738922,-71.0494339
MLS Listing,,Condo/Co-op,59 Hano St #59,Boston,MA,02134,679900,3,2.5,Allston,1284,1546,1890,8,530,,Active,,,http://www.redfin.com/MA/Allston/59-Hano-St-02134/unit-59/home/148725027,MLS PIN,72441663,N,Y,42.3553349,-71.137721
MLS Listing,,Multi-Family (2-4 Unit),42 Chelsea St,Boston,MA,02128,1100000,6,6.0,East Boston,3170,1140,1900,8,347,,Active,,,http://www.redfin.com/MA/Boston/42-Chelsea-St-02128/home/11835384,MLS PIN,72441643,N,Y,42.371113,-71.0377029
MLS Listing,,Multi-Family (2-4 Unit),48 Selden St,Boston,MA,02124,535000,6,3.0,Boston,4080,6547,1905,8,131,,Active,,,http://www.redfin.com/MA/Boston/48-Selden-St-02124/home/9089814,MLS PIN,72441628,N,Y,42.2811767,-71.0783062
MLS Listing,,Multi-Family (2-4 Unit),20 Williams Ave,Boston,MA,02136,349900,4,2.0,Boston,2032,5550,1910,8,172,,Active,,,http://www.redfin.com/MA/Hyde-Park/20-Williams-Ave-02136/home/9129461,MLS PIN,72441500,N,Y,42.2509615,-71.1185551
MLS Listing,,Condo/Co-op,28 Ripley Rd #3,Boston,MA,02121,359999,3,1.0,Dorchester,1017,,1906,8,354,190,Active,,,http://www.redfin.com/MA/Dorchester/28-Ripley-Rd-02121/unit-3/home/148724333,MLS PIN,72441495,N,Y,42.2992279,-71.0764956
MLS Listing,,Condo/Co-op,345 Commonwealth Ave #1,Boston,MA,02115,999000,2,1.0,Back Bay,1103,1103,1900,8,906,672,Active,January-25-2019 11:00 AM,January-25-2019 01:00 PM,http://www.redfin.com/MA/Boston/345-Commonwealth-Ave-02115/unit-1/home/9238848,MLS PIN,72441415,N,Y,42.3496211,-71.0878493
MLS Listing,,Condo/Co-op,56 Belmont St #3,Boston,MA,02129,2199000,4,3.5,Charlestown,2545,,2018,9,864,328,Active,,,http://www.redfin.com/MA/Charlestown/56-Belmont-St-02129/unit-3/home/148722982,MLS PIN,72441380,N,Y,42.3820226,-71.0649355
MLS Listing,,Condo/Co-op,1650 Columbia Rd #2,Boston,MA,02127,949000,3,2.0,South Boston,1315,,2017,9,722,212,Active,,,http://www.redfin.com/MA/Boston/1650-Columbia-Rd-02127/unit-2/home/130643815,MLS PIN,72441378,N,Y,42.329737,-71.0358015
MLS Listing,,Condo/Co-op,56 Belmont St #1,Boston,MA,02129,1899000,4,3.5,Charlestown,2545,,2018,9,746,295,Active,,,http://www.redfin.com/MA/Charlestown/56-Belmont-St-02129/unit-1/home/148722963,MLS PIN,72441371,N,Y,42.3820226,-71.0649355
MLS Listing,,Townhouse,476 Beacon #2,Boston,MA,02115,2795000,2,2.0,Back Bay,1610,,1910,9,1736,637,Active,January-27-2019 12:00 PM,January-27-2019 01:00 PM,http://www.redfin.com/MA/Boston/476-Beacon-St-02115/unit-2/home/109543764,MLS PIN,72441354,N,Y,42.3514228,-71.088512
MLS Listing,,Single Family Residential,10 Brush Hill Ter,Boston,MA,02136,499000,3,1.5,Boston,1708,6006,1950,9,292,,Active,January-27-2019 02:00 PM,January-27-2019 04:00 PM,http://www.redfin.com/MA/Hyde-Park/10-Brush-Hill-Ter-02136/home/9130690,MLS PIN,72441318,N,Y,42.2449513,-71.1164661
MLS Listing,,Condo/Co-op,49 Highland Rd #49,Brookline,MA,02445,785000,3,1.0,Brookline,1009,,1960,9,778,194,Active,,,http://www.redfin.com/MA/Brookline/49-Highland-Rd-02445/unit-49/home/22117390,MLS PIN,72441309,N,Y,42.3253284,-71.1177691
MLS Listing,,Condo/Co-op,27 Washburn St #5,Boston,MA,02125,759000,2,2.0,Dorchester,1365,,2016,9,556,226,Active,,,http://www.redfin.com/MA/Boston/27-Washburn-St-02125/unit-5/home/137451221,MLS PIN,72441294,N,Y,42.3258236,-71.0579183
MLS Listing,,Condo/Co-op,85 Willow Ct #201,Boston,MA,02125,929000,3,2.0,Dorchester,1385,,2018,9,671,1,Active,January-24-2019 05:30 PM,January-24-2019 07:30 PM,http://www.redfin.com/MA/Dorchester/85-Willow-Ct-02125/unit-201/home/148722285,MLS PIN,72441271,N,Y,42.3248449,-71.0641578
MLS Listing,,Condo/Co-op,56 Commonwealth Ave #44,Boston,MA,02116,549000,0,1.0,Back Bay,370,370,1850,9,1484,231,Active,January-27-2019 12:00 PM,January-27-2019 01:00 PM,http://www.redfin.com/MA/Boston/56-Commonwealth-Ave-02116/unit-44/home/9264316,MLS PIN,72441267,N,Y,42.3524682,-71.0742288
MLS Listing,,Townhouse,11 Webster St #1,Boston,MA,02136,459000,3,2.5,Hyde Park,1665,,2005,9,276,300,Active,January-26-2019 12:00 PM,January-26-2019 02:00 PM,http://www.redfin.com/MA/Boston/11-Webster-St-02136/unit-1/home/11739725,MLS PIN,72441265,N,Y,42.2581265,-71.1206887
MLS Listing,,Condo/Co-op,580 Washington St #910,Boston,MA,02111,1575000,2,2.0,Midtown,1308,1308,2013,9,1204,1482,Active,,,http://www.redfin.com/MA/Boston/580-Washington-St-02111/unit-910/home/85680602,MLS PIN,72441250,N,Y,42.3533804,-71.0619769
MLS Listing,,Condo/Co-op,9 W Broadway #406,Boston,MA,02127,949500,2,2.0,South Boston,1136,1136,1906,9,836,714,Active,January-27-2019 12:00 PM,January-27-2019 02:00 PM,http://www.redfin.com/MA/Boston/9-W-Broadway-02127/unit-406/home/9318644,MLS PIN,72441231,N,Y,42.3423405,-71.0578677
MLS Listing,,Condo/Co-op,85 Willow Ct #204,Boston,MA,02125,899000,3,2.0,Boston,1523,,2018,9,590,1,Active,January-24-2019 05:30 PM,January-24-2019 07:30 PM,http://www.redfin.com/MA/Dorchester/85-Willow-Ct-02125/unit-204/home/148721753,MLS PIN,72441180,N,Y,42.3248449,-71.0641578
MLS Listing,,Condo/Co-op,85 Willow Ct #202,Boston,MA,02125,829000,2,2.0,South Boston,1217,,2018,9,681,1,Active,January-24-2019 05:30 PM,January-24-2019 07:30 PM,http://www.redfin.com/MA/Dorchester/85-Willow-Ct-02125/unit-202/home/148721712,MLS PIN,72441171,N,Y,42.3248449,-71.0641578
MLS Listing,,Condo/Co-op,48 Cook St #2,Boston,MA,02129,839000,2,2.0,Charlestown,1293,,1981,9,649,160,Active,January-26-2019 01:30 PM,January-26-2019 03:00 PM,http://www.redfin.com/MA/Charlestown/48-Cook-St-02129/unit-2/home/148721597,MLS PIN,72441143,N,Y,42.381322,-71.0636801
MLS Listing,,Single Family Residential,8 Moloney St,Boston,MA,02132,452900,2,1.5,Boston,1578,5500,1920,9,287,,Active,,,http://www.redfin.com/MA/West-Roxbury/8-Moloney-St-02132/home/9216942,MLS PIN,72441142,N,Y,42.275148,-71.169706
MLS Listing,,Condo/Co-op,48 Cook St #1,Boston,MA,02129,969000,3,2.0,Charlestown,1608,,1981,9,603,180,Active,January-26-2019 01:30 PM,January-26-2019 03:00 PM,http://www.redfin.com/MA/Charlestown/48-Cook-St-02129/unit-1/home/148721573,MLS PIN,72441139,N,Y,42.381322,-71.0636801
MLS Listing,,Condo/Co-op,99 Sumner St #404,Boston,MA,02128,1119000,2,2.0,East Boston,1137,,2020,9,984,1039,Active,,,http://www.redfin.com/MA/Boston/99-Sumner-St-02128/unit-404/home/148721112,MLS PIN,72441048,N,Y,42.3699466,-71.0422541
MLS Listing,,Townhouse,893 E second Unit 7a,Boston,MA,02127,1850000,3,3.5,South Boston's City Point,2603,,2016,9,711,250,Active,January-26-2019 11:00 AM,January-26-2019 01:00 PM,http://www.redfin.com/MA/Boston/893-E-2nd-St-02127/unit-7a/home/148721071,MLS PIN,72441036,N,Y,42.337234,-71.027511
MLS Listing,,Multi-Family (5+ Unit),24-28 Mt. Pleasant,Somerville,MA,02145,1899900,16,14.5,Somerville,8958,9525,,9,212,,Active,,,http://www.redfin.com/MA/Somerville/24-Mt-Pleasant-St-02145/home/66764243,MLS PIN,72441023,N,Y,42.3851212,-71.0783465
MLS Listing,,Multi-Family (2-4 Unit),649 E 7th St,Boston,MA,02127,1295000,5,3.0,South Boston,1906,962,1890,9,679,,Active,,,http://www.redfin.com/MA/Boston/649-E-7th-St-02127/home/9192620,MLS PIN,72441001,N,Y,42.332172,-71.034379
MLS Listing,,Townhouse,122A W Seventh St #18,Boston,MA,02127,959500,2,1.5,South Boston,1598,,1998,9,600,344,Active,January-27-2019 12:00 PM,January-27-2019 02:00 PM,http://www.redfin.com/MA/Boston/122A-W-7th-St-02127/unit-18/home/148720978,MLS PIN,72441010,N,Y,42.3357662,-71.0525961
MLS Listing,,Condo/Co-op,65 E India Row Unit 10B,Boston,MA,02110,1199999,2,2.5,Waterfront,1650,,1970,9,727,1344,Active,,,http://www.redfin.com/MA/Boston/65-E-India-Row-02110/unit-10B/home/9260729,MLS PIN,72440991,N,Y,42.3576699,-71.0504859
MLS Listing,,Multi-Family (2-4 Unit),16 Sachem St,Boston,MA,02120,1299000,5,2.0,Mission Hill,2392,3990,1925,9,543,,Active,,,http://www.redfin.com/MA/Boston/16-Sachem-St-02120/home/148720909,MLS PIN,72440985,N,Y,42.3308318,-71.1051857
MLS Listing,,Condo/Co-op,166 Commercial St Unit 3 F,Boston,MA,02109,795000,2,1.0,North End,1080,,1900,9,736,536,Active,January-27-2019 11:30 AM,January-27-2019 12:30 PM,http://www.redfin.com/MA/Boston/166-Commercial-St-02109/unit-3-F/home/148720836,MLS PIN,72440954,N,Y,42.3625772,-71.0521045
MLS Listing,,Multi-Family (2-4 Unit),325-327 Savin Hill Ave,Boston,MA,02125,1050000,5,3.0,Dorchester's Savin Hill,2997,5491,1905,9,350,,Active,January-26-2019 12:00 PM,January-26-2019 01:30 PM,http://www.redfin.com/MA/Boston/325-Savin-Hill-Ave-02125/home/9091767,MLS PIN,72440938,N,Y,42.3127157,-71.0489402
MLS Listing,,Multi-Family (2-4 Unit),2 Fernboro St,Boston,MA,02121,1100000,8,3.0,Roxbury,3036,2426,1890,9,362,,Active,,,http://www.redfin.com/MA/Boston/2-Fernboro-St-02121/home/9065035,MLS PIN,72440933,N,Y,42.3114784,-71.076867
MLS Listing,,Condo/Co-op,91 Trenton St Unit 1F,Boston,MA,02128,565000,2,2.0,East Boston,1000,2500,1879,9,565,258,Active,,,http://www.redfin.com/MA/Boston/91-Trenton-St-02128/unit-1F/home/148720605,MLS PIN,72440931,N,Y,42.378874,-71.035853
MLS Listing,,Condo/Co-op,100 Fulton Unit 1N,Boston,MA,02109,1390000,2,2.5,Waterfront,1988,,1990,10,699,1259,Active,January-27-2019 11:30 AM,January-27-2019 01:00 PM,http://www.redfin.com/MA/Boston/100-Fulton-St-02109/unit-1N/home/9231171,MLS PIN,72440929,N,Y,42.362617,-71.053035
MLS Listing,,Condo/Co-op,25-29 Isabella St #3,Boston,MA,02116,3550000,3,2.5,Bay Village,2576,,2018,10,1378,1064,Active,January-27-2019 12:00 PM,January-27-2019 01:00 PM,http://www.redfin.com/MA/Boston/25-Isabella-St-02116/unit-3/home/148720210,MLS PIN,72440913,N,Y,42.348945,-71.07029
MLS Listing,,Multi-Family (2-4 Unit),3 Bluefield Ter,Boston,MA,02126,649000,4,2.5,Mattapan,1666,7552,1950,10,390,,Active,January-27-2019 01:00 PM,January-27-2019 02:30 PM,http://www.redfin.com/MA/Mattapan/3-Bluefield-Ter-02126/home/9155392,MLS PIN,72440911,N,Y,42.2732527,-71.0863377
MLS Listing,,Townhouse,133 Marlborough St Unit 2/2A,Boston,MA,02116,1595000,2,2.0,Back Bay,1152,,1880,10,1385,383,Active,,,http://www.redfin.com/MA/Boston/133-Marlborough-St-02116/unit-2-2A/home/148720182,MLS PIN,72440904,N,Y,42.3531637,-71.0781433
MLS Listing,,Condo/Co-op,49 Leyden St #6,Boston,MA,02128,589900,2,2.0,East Boston,1246,,2018,10,473,250,Active,,,http://www.redfin.com/MA/Boston/49-Leyden-St-02128/unit-6/home/148720150,MLS PIN,72440893,N,Y,42.389981,-71.0105775
MLS Listing,,Condo/Co-op,81 Beacon St #3,Boston,MA,02108,4890000,4,4.0,Beacon Hill,3300,,1926,10,1482,4760,Active,,,http://www.redfin.com/MA/Boston/81-Beacon-St-02108/unit-3/home/148719467,MLS PIN,72440841,N,Y,42.3560159,-71.0710638
MLS Listing,,Condo/Co-op,62 Beacon #1,Boston,MA,02108,3850000,2,2.5,Beacon Hill,2750,,1900,10,1400,5000,Active,,,http://www.redfin.com/MA/Boston/62-Beacon-St-02108/unit-1/home/143822384,MLS PIN,72440839,N,Y,42.3566322,-71.0688637
MLS Listing,,Condo/Co-op,254-256 Medford St #3,Boston,MA,02129,385000,1,1.0,Charlestown,488,,1899,10,789,180,Active,,,http://www.redfin.com/MA/Boston/254-Medford-St-02129/unit-3/home/9318652,MLS PIN,72440795,N,Y,42.3805197,-71.0613199
MLS Listing,,Single Family Residential,19 Winton St,Boston,MA,02131,475000,3,2.0,Roslindale,1100,5880,1964,10,432,,Active,,,http://www.redfin.com/MA/Roslindale/19-Winton-St-02131/home/9180981,MLS PIN,72440719,N,Y,42.2752566,-71.133688
MLS Listing,,Parking,700 Harrison Ave,Boston,MA,02118,80000,,,South End,,128,,10,,55,Active,,,http://www.redfin.com/MA/Boston/700-Harrison-Ave-02118/home/21717437,MLS PIN,72440672,N,Y,42.3384041,-71.070437
MLS Listing,,Multi-Family (2-4 Unit),97 Mount Ida Rd,Boston,MA,02122,500000,6,3.0,Dorchester,3381,3511,1905,10,148,,Active,,,http://www.redfin.com/MA/Dorchester/97-Mt-Ida-Rd-02122/home/9080907,MLS PIN,72440637,N,Y,42.303689,-71.0634498
MLS Listing,,Multi-Family (5+ Unit),74-76 Rockland St,Boston,MA,02119,1500000,13,6.0,Roxbury,6099,4797,1900,10,246,,Active,,,http://www.redfin.com/MA/Boston/74-Rockland-St-02119/home/9306156,MLS PIN,72440624,N,Y,42.322438,-71.0870244
MLS Listing,,Condo/Co-op,85 E India Row Unit 16 H,Boston,MA,02110,759000,1,1.0,Waterfront,880,,1969,10,863,880,Active,,,http://www.redfin.com/MA/Boston/85-E-India-Row-02110/unit-16H/home/9261517,MLS PIN,72440584,N,Y,42.3581217,-71.0498232
MLS Listing,,Condo/Co-op,663 Tremont St #2,Boston,MA,02118,1950000,3,2.5,South End,1644,1644,1857,10,1186,491,Active,,,http://www.redfin.com/MA/Boston/663-Tremont-St-02118/unit-2/home/40288260,MLS PIN,72440578,N,Y,42.3420134,-71.0758411
MLS Listing,,Condo/Co-op,166 Terrace St #404,Boston,MA,02120,479900,1,1.0,Mission Hill,795,,2011,10,604,498,Active,,,http://www.redfin.com/MA/Boston/166-Terrace-St-02120/unit-404/home/148717636,MLS PIN,72440573,N,Y,42.3267436,-71.098524
MLS Listing,,Single Family Residential,1486 Columbia,Boston,MA,02127,1600000,3,2.5,South Boston,2161,871,1900,10,740,,Active,,,http://www.redfin.com/MA/Boston/1486-Columbia-Rd-02127/home/11734818,MLS PIN,72440498,N,Y,42.330657,-71.0410713
MLS Listing,,Vacant Land,28-30 Swan Ave,Boston,MA,02128,2100000,,,East Boston's Orient Heights,,10492,,10,,,Active,,,http://www.redfin.com/MA/Boston/28-Swan-Ave-02128/home/148716594,MLS PIN,72440468,N,Y,42.3892844,-70.9969633
MLS Listing,,Multi-Family (2-4 Unit),110 Greenbrier St,Boston,MA,02124,1049000,12,3.0,Boston,4482,4372,1910,11,234,,Active,,,http://www.redfin.com/MA/Boston/110-Greenbrier-St-02124/home/9071704,MLS PIN,72440417,N,Y,42.2963372,-71.0702281
MLS Listing,,Condo/Co-op,37 Kimball St #1,Boston,MA,02122,459000,2,2.0,Dorchester,883,,2018,11,520,265,Active,,,http://www.redfin.com/MA/Boston/37-Kimball-St-02122/unit-1/home/148115937,MLS PIN,72440360,N,Y,42.304585,-71.0576899
MLS Listing,,Single Family Residential,5 Bantry Way,Boston,MA,02127,750000,3,2.0,Boston,1300,5000,1826,11,577,,Active,January-26-2019 12:00 PM,January-26-2019 02:00 PM,http://www.redfin.com/MA/Boston/5-Bantry-Way-02127/home/9191688,MLS PIN,72440348,N,Y,42.3320264,-71.0316576
MLS Listing,,Townhouse,45 Mansfield St #45,Boston,MA,02134,995000,3,2.5,Boston,1920,,2019,12,518,200,Active,,,http://www.redfin.com/MA/Boston/45-Mansfield-St-02134/unit-45/home/148710149,MLS PIN,72440311,N,Y,42.358752,-71.1315892
MLS Listing,,Parking,6-8 Whittier Pl,Boston,MA,02114,44000,,,Boston,,,,12,,180,Active,,,http://www.redfin.com/MA/Boston/6-Whittier-Pl-02114/home/12374971,MLS PIN,72440244,N,Y,42.3657336,-71.0669497
MLS Listing,,Vacant Land,159-165 Everett St,Boston,MA,02128,999900,,,Boston,,3418,,12,,,Active,,,http://www.redfin.com/MA/Boston/159-Everett-St-02128/home/9111156,MLS PIN,72440238,N,Y,42.366305,-71.0322496
MLS Listing,,Multi-Family (2-4 Unit),10 Dewey St,Boston,MA,02125,845000,9,3.0,Roxbury,3297,1982,1905,12,256,,Active,,,http://www.redfin.com/MA/Boston/10-Dewey-St-02125/home/9064742,MLS PIN,72440205,N,Y,42.316968,-71.0774706
MLS Listing,,Townhouse,104 Forbes St #2,Boston,MA,02130,774999,3,2.0,Jamaica Plain,1220,,1880,13,635,180,Active,January-26-2019 11:00 AM,January-26-2019 12:30 PM,http://www.redfin.com/MA/Jamaica-Plain/104-Forbes-St-02130/unit-2/home/148706461,MLS PIN,72440169,N,Y,42.3196314,-71.1054526
MLS Listing,,Condo/Co-op,110 Stuart St Unit 16B,Boston,MA,02116,2265000,2,2.5,Theatre District,1794,,2009,13,1263,1940,Active,January-27-2019 11:00 AM,January-27-2019 01:00 PM,http://www.redfin.com/MA/Boston/110-Stuart-St-02116/unit-16B/home/39913514,MLS PIN,72440151,N,Y,42.3509572,-71.0654038
MLS Listing,,Multi-Family (2-4 Unit),22 Pompeii St,Boston,MA,02119,566000,6,3.0,Roxbury,2400,1896,1910,13,236,,Active,,,http://www.redfin.com/MA/Boston/22-Pompeii-St-02119/home/11837305,MLS PIN,72440150,N,Y,42.3295108,-71.0704951
MLS Listing,,Single Family Residential,789 E FOURTH St,Boston,MA,02127,2200000,4,3.5,South Boston,2500,1637,1910,13,880,,Active,,,http://www.redfin.com/MA/Boston/789-E-4th-St-02127/home/9197610,MLS PIN,72440149,N,Y,42.3346374,-71.0320522
MLS Listing,,Multi-Family (2-4 Unit),31 Worcester St,Boston,MA,02118,2850000,5,4.5,South End,4000,2310,1865,13,713,,Active,,,http://www.redfin.com/MA/Boston/31-Worcester-St-02118/home/9290007,MLS PIN,72439941,N,Y,42.3384646,-71.076567
MLS Listing,,Condo/Co-op,45 Burnett St #208,Boston,MA,02130,519000,1,1.0,Jamaica Plain,750,29669,2019,13,692,377,Active,,,http://www.redfin.com/MA/Boston/45-Burnett-St-02130/unit-208/home/148701846,MLS PIN,72439871,N,Y,42.3044838,-71.110609
MLS Listing,,Condo/Co-op,45 Burnett St #104,Boston,MA,02130,849000,3,2.0,Jamaica Plain,1282,29669,2019,13,662,585,Active,,,http://www.redfin.com/MA/Boston/45-Burnett-St-02130/unit-104/home/148701836,MLS PIN,72439870,N,Y,42.3044838,-71.110609
MLS Listing,,Condo/Co-op,45 Burnett St #404,Boston,MA,02130,639000,2,2.0,Jamaica Plain,910,29669,2019,13,702,447,Active,,,http://www.redfin.com/MA/Boston/45-Burnett-St-02130/unit-404/home/148701835,MLS PIN,72439869,N,Y,42.3044838,-71.110609
MLS Listing,,Condo/Co-op,36 Bellevue St #1,Boston,MA,02125,379000,3,1.0,Dorchester's Meeting House Hill,1100,1100,1920,13,345,242,Active,January-26-2019 02:00 PM,January-26-2019 02:45 PM,http://www.redfin.com/MA/Dorchester/36-Bellevue-St-02125/unit-1/home/148126711,MLS PIN,72439822,N,Y,42.3101108,-71.0677675
MLS Listing,,Single Family Residential,669 Cummins Hwy,Boston,MA,02126,399900,3,1.5,Boston,1272,3967,1934,13,314,,Active,,,http://www.redfin.com/MA/Mattapan/669-Cummins-Hwy-02126/home/9160550,MLS PIN,72439811,N,Y,42.2709958,-71.1040715
MLS Listing,,Condo/Co-op,6 Whittier Pl Unit 14P,Boston,MA,02114,479000,0,1.0,West End,634,542,1964,14,756,531,Active,,,http://www.redfin.com/MA/Boston/6-Whittier-Pl-02114/unit-14P/home/148699699,MLS PIN,72439780,N,Y,42.3657336,-71.0669497
MLS Listing,,Condo/Co-op,463 Rutherford Ave #403,Boston,MA,02129,689000,2,2.0,Charlestown,986,,2015,14,699,557,Active,,,http://www.redfin.com/MA/Boston/463-Rutherford-Ave-02129/unit-403/home/148698767,MLS PIN,72439740,N,Y,42.3808565,-71.0713251
MLS Listing,,Condo/Co-op,156 Porter St #434,Boston,MA,02128,699000,1,2.0,East Boston's Jeffries Point,1119,1119,1912,14,625,468,Active,,,http://www.redfin.com/MA/Boston/156-Porter-St-02128/unit-434/home/21718758,MLS PIN,72439729,N,Y,42.3713905,-71.0324272
MLS Listing,,Condo/Co-op,10 Linda Ln Unit 3-1,Boston,MA,02125,379900,2,1.0,Dorchester,794,,1965,14,478,396,Active,,,http://www.redfin.com/MA/Boston/10-Linda-Ln-02125/unit-3-1/home/9063240,MLS PIN,72439694,N,Y,42.3121877,-71.0501042
MLS Listing,,Condo/Co-op,5 Durham St #2,Boston,MA,02115,2695000,3,3.0,South End,2506,1450,1890,14,1075,479,Active,January-27-2019 01:00 PM,January-27-2019 02:30 PM,http://www.redfin.com/MA/Boston/5-Durham-St-02115/unit-2/home/9271230,MLS PIN,72439664,N,Y,42.3438429,-71.0813218
MLS Listing,,Condo/Co-op,7-9 Thomas Park #4,Boston,MA,02127,469000,1,1.0,South Boston,604,604,1899,14,776,190,Active,January-27-2019 12:00 PM,January-27-2019 02:00 PM,http://www.redfin.com/MA/Boston/7-Thomas-Park-02127/unit-4/home/148697588,MLS PIN,72439645,N,Y,42.3336157,-71.0447732
MLS Listing,,Single Family Residential,224A Allandale Rd Unit A,Boston,MA,02467,1450000,4,4.5,Boston,4770,43,1989,14,304,,Active,,,http://www.redfin.com/MA/Chestnut-Hill/224-Allandale-Rd-02467/unit-A/home/9300089,MLS PIN,72439626,N,Y,42.3015826,-71.1392506
MLS Listing,,Condo/Co-op,327 Centre St #305,Boston,MA,02130,450000,2,1.0,Jamaica Plain,839,,2006,14,536,354,Active,,,http://www.redfin.com/MA/Jamaica-Plain/327-Centre-St-02130/unit-305/home/23414913,MLS PIN,72439608,N,Y,42.3228944,-71.1047356
MLS Listing,,Condo/Co-op,743 E Fourth #102,Boston,MA,02127,599900,1,1.0,South Boston's City Point,627,,1899,14,957,337,Active,,,http://www.redfin.com/MA/Boston/743-E-4th-St-02127/unit-102/home/121899372,MLS PIN,72439535,N,Y,42.3346187,-71.0346846
MLS Listing,,Condo/Co-op,192 W Springfield St,Boston,MA,02118,1495000,2,1.5,South End,1386,,1889,14,1079,319,Active,January-26-2019 01:00 PM,January-26-2019 02:30 PM,http://www.redfin.com/MA/Boston/192-W-Springfield-St-02118/unit-2/home/21718507,MLS PIN,72439502,N,Y,42.3399635,-71.0801712
MLS Listing,,Condo/Co-op,121 Portland St #705,Boston,MA,02114,564999,1,1.0,Midtown,481,,2017,14,1175,398,Active,January-26-2019 12:00 PM,January-26-2019 02:00 PM,http://www.redfin.com/MA/Boston/121-Portland-St-02114/unit-705/home/113069127,MLS PIN,72439454,N,Y,42.3635838,-71.0605017
MLS Listing,,Condo/Co-op,351 Centre St #2,Boston,MA,02122,449000,2,1.0,Dorchester,950,,1905,14,473,250,Active,,,http://www.redfin.com/MA/Dorchester/351-Centre-St-02122/unit-2/home/148696029,MLS PIN,72439452,N,Y,42.2944136,-71.0585285
MLS Listing,,Condo/Co-op,351 Centre St #1,Boston,MA,02122,459000,2,1.0,Dorchester,950,,1905,14,483,250,Active,,,http://www.redfin.com/MA/Dorchester/351-Centre-St-02122/unit-1/home/148696027,MLS PIN,72439450,N,Y,42.2944136,-71.0585285
MLS Listing,,Single Family Residential,18-20 Cedar St #1,Boston,MA,02126,299000,4,1.0,Dorchester's Lower Mills,1242,1242,1935,14,241,,Active,,,http://www.redfin.com/MA/Boston/18-Cedar-St-02126/unit-1/home/21717685,MLS PIN,72439416,N,Y,42.2720249,-71.0752985
MLS Listing,,Condo/Co-op,141 Dorchester Ave #101,Boston,MA,02127,1525000,2,2.0,Boston,1645,1636,2006,14,927,1007,Active,,,http://www.redfin.com/MA/Boston/141-Dorchester-Ave-02127/unit-101/home/18982777,MLS PIN,72439382,N,Y,42.3419516,-71.0574969
MLS Listing,,Condo/Co-op,42 Eighth #2323,Boston,MA,02129,529000,1,1.0,Charlestown's Navy Yard,694,,1899,14,762,540,Active,January-27-2019 12:00 PM,January-27-2019 01:00 PM,http://www.redfin.com/MA/Boston/42-8th-St-02129/unit-2323/home/9323733,MLS PIN,72439342,N,Y,42.3749988,-71.0520878
MLS Listing,,Multi-Family (2-4 Unit),18-20 Story St,Boston,MA,02127,965000,4,2.0,South Boston,1796,1294,1900,14,537,,Active,,,http://www.redfin.com/MA/Boston/18-Story-St-02127/home/9188661,MLS PIN,72439341,N,Y,42.333507,-71.0437441
MLS Listing,,Condo/Co-op,246 BOSTON St #3,Boston,MA,02125,639000,2,2.5,Dorchester,1433,,2015,14,446,293,Active,,,http://www.redfin.com/MA/Boston/246-Boston-St-02125/unit-3/home/114037034,MLS PIN,72439274,N,Y,42.3213761,-71.0610236
MLS Listing,,Condo/Co-op,49 Warren Ave Unit G-1,Boston,MA,02116,650000,1,1.5,Boston,546,,1900,14,1190,230,Active,,,http://www.redfin.com/MA/Boston/49-Warren-Ave-02116/unit-G1/home/9235326,MLS PIN,72439264,N,Y,42.3451859,-71.0719085
MLS Listing,,Condo/Co-op,45 Province St #1406,Boston,MA,02108,1450000,2,2.0,Midtown,1405,1405,2007,14,1032,1173,Active,,,http://www.redfin.com/MA/Boston/45-Province-St-02108/unit-1406/home/27789807,MLS PIN,72439260,N,Y,42.3572317,-71.0600121
MLS Listing,,Multi-Family (2-4 Unit),39 Neponset Ave,Boston,MA,02136,679999,7,2.5,Boston,3200,10000,1920,15,212,,Active,,,http://www.redfin.com/MA/Hyde-Park/39-Neponset-Ave-02136/home/9130514,MLS PIN,72439239,N,Y,42.2489112,-71.1196228
MLS Listing,,Parking,132 Commonwealth,Boston,MA,02116,550000,,,Back Bay,,125,,15,,,Active,,,http://www.redfin.com/MA/Boston/132-Commonwealth-Ave-02116/unit-1/home/9264703,MLS PIN,72439210,N,Y,42.3516212,-71.0773652
MLS Listing,,Condo/Co-op,137 Peterborough #3,Boston,MA,02215,599000,1,1.0,The Fenway,700,,1927,15,856,398,Active,,,http://www.redfin.com/MA/Boston/137-Peterborough-St-02215/unit-3/home/9242192,MLS PIN,72439205,N,Y,42.342922,-71.1012747
MLS Listing,,Condo/Co-op,1501 Commonwealth #301,Boston,MA,02135,899000,2,2.0,Brighton,1103,,2015,15,815,406,Active,,,http://www.redfin.com/MA/Boston/1501-Commonwealth-Ave-02135/unit-301/home/101661819,MLS PIN,72439183,N,Y,42.3475081,-71.1413866
MLS Listing,,Condo/Co-op,81 Marlborough St #1,Boston,MA,02116,1225000,2,1.0,Back Bay,1160,,1870,15,1056,600,Active,January-27-2019 02:30 PM,January-27-2019 03:30 PM,http://www.redfin.com/MA/Boston/81-Marlborough-St-02116/unit-1/home/9252481,MLS PIN,72439170,N,Y,42.353851,-71.0759599
MLS Listing,,Condo/Co-op,1568 Commonwealth Ave #3,Boston,MA,02135,295000,0,1.0,Brighton,306,306,1920,15,964,287,Active,,,http://www.redfin.com/MA/Boston/1568-Commonwealth-Ave-02135/unit-3/home/9017062,MLS PIN,72439143,N,Y,42.3438074,-71.141894
MLS Listing,,Condo/Co-op,132 Commonwealth Ave #8,Boston,MA,02116,849000,1,1.0,Back Bay,748,748,1880,15,1135,448,Active,,,http://www.redfin.com/MA/Boston/132-Commonwealth-Ave-02116/unit-8/home/9264722,MLS PIN,72439123,N,Y,42.3516212,-71.0773652
MLS Listing,,Condo/Co-op,63 Monmouth St #1,Boston,MA,02128,729000,2,2.0,East Boston,1558,,1862,15,468,265,Active,,,http://www.redfin.com/MA/Boston/63-Monmouth-St-02128/unit-1/home/146148015,MLS PIN,72439102,N,Y,42.380212,-71.036379
MLS Listing,,Condo/Co-op,336 Adams St #16,Boston,MA,02122,249600,2,2.0,Boston,900,900,1990,15,277,281,Active,,,http://www.redfin.com/MA/Boston/336-Adams-St-02122/unit-16/home/9063922,MLS PIN,72439100,N,Y,42.2980775,-71.0564546
MLS Listing,,Condo/Co-op,324 Chestnut Hill Ave #8,Boston,MA,02135,398000,1,1.0,Boston,570,570,1935,15,698,325,Active,,,http://www.redfin.com/MA/Boston/324-Chestnut-Hill-Ave-02135/unit-8/home/9027708,MLS PIN,72439082,N,Y,42.3380512,-71.1524517
MLS Listing,,Condo/Co-op,110 Broad St Ph 2,Boston,MA,02110,5750000,3,3.5,Financial District,3736,,2018,15,1539,2866,Active,,,http://www.redfin.com/MA/Boston/110-Broad-St-02110/unit-2/home/145268507,MLS PIN,72439079,N,Y,42.3573892,-71.0520518
MLS Listing,,Condo/Co-op,166 Terrace St #407,Boston,MA,02120,499900,1,1.0,Mission Hill,798,,2011,15,626,500,Active,,,http://www.redfin.com/MA/Boston/166-Terrace-St-02120/unit-407/home/148691072,MLS PIN,72439077,N,Y,42.3267436,-71.098524
MLS Listing,,Condo/Co-op,30 B #207,Boston,MA,02127,1199900,3,2.0,South Boston,1521,,2017,15,789,544,Active,January-27-2019 11:30 AM,January-27-2019 01:00 PM,http://www.redfin.com/MA/Boston/30-B-St-02127/unit-207/home/148690825,MLS PIN,72439047,N,Y,42.339126,-71.0560585
MLS Listing,,Condo/Co-op,3 Avery St #401,Boston,MA,02111,799000,2,2.0,Midtown,1509,1509,2004,15,529,2315,Active,,,http://www.redfin.com/MA/Boston/3-Avery-St-02111/unit-401/home/21718679,MLS PIN,72439017,N,Y,42.353596,-71.0628695
MLS Listing,,Condo/Co-op,22 Liberty Dr Unit 8M,Boston,MA,02210,4250000,2,2.5,Seaport District,1733,,2015,15,2452,2233,Active,,,http://www.redfin.com/MA/Boston/22-Liberty-Dr-02210/unit-8M/home/114037272,MLS PIN,72439015,N,Y,42.3545972,-71.0452732
MLS Listing,,Condo/Co-op,38 Moreland St #1,Boston,MA,02119,239900,2,1.0,Boston,804,804,1899,15,298,190,Active,,,http://www.redfin.com/MA/Boston/38-Moreland-St-02119/unit-1/home/11837963,MLS PIN,72439001,N,Y,42.3251646,-71.080675
MLS Listing,,Condo/Co-op,210 Allandale St Unit 1B,Boston,MA,02130,1189000,2,2.5,West Roxbury's Chestnut Hill,2955,,1989,15,402,1436,Active,,,http://www.redfin.com/MA/Boston/210-Allandale-St-02130/unit-1B/home/148689615,MLS PIN,72438963,N,Y,42.3097365,-71.1151431
MLS Listing,,Condo/Co-op,499-501 Sumner St #3,Boston,MA,02128,499900,1,1.0,East Boston's Jeffries Point,620,,1900,15,806,175,Active,,,http://www.redfin.com/MA/Boston/499-Sumner-St-02128/unit-3/home/113222743,MLS PIN,72438904,N,Y,42.3645214,-71.0300671
MLS Listing,,Single Family Residential,18 Wayburn Rd,Boston,MA,02130,619000,2,2.0,Bourne Neighborhood,1632,4340,1942,15,379,,Active,,,http://www.redfin.com/MA/Boston/18-Wayburn-Rd-02130/home/9152348,MLS PIN,72438899,N,Y,42.2900948,-71.1125783
MLS Listing,,Condo/Co-op,400 Stuart St Unit 24C,Boston,MA,02116,1875000,1,2.0,Back Bay,1134,1134,2009,15,1653,1282,Active,,,http://www.redfin.com/MA/Boston/400-Stuart-St-02116/unit-24C/home/36662781,MLS PIN,72438817,N,Y,42.3488635,-71.0736183
MLS Listing,,Single Family Residential,787 Lagrange St,Boston,MA,02132,709900,3,2.5,BROOK FARM,2000,4505,1910,15,355,,Active,,,http://www.redfin.com/MA/West-Roxbury/787-Lagrange-St-02132/home/9208789,MLS PIN,72438799,N,Y,42.2913542,-71.1686864
MLS Listing,,Condo/Co-op,586 E Third St #3,Boston,MA,02127,1599000,3,2.0,South Boston,1863,,2018,15,858,300,Active,January-27-2019 12:00 PM,January-27-2019 01:30 PM,http://www.redfin.com/MA/Boston/586-E-3rd-St-02127/unit-3/home/148680809,MLS PIN,72438736,N,Y,42.3366279,-71.0364167
MLS Listing,,Condo/Co-op,5 Whitby Ter #2,Boston,MA,02125,499900,2,1.0,Dorchester,929,,1910,15,538,160,Active,,,http://www.redfin.com/MA/Dorchester/5-Whitby-Ter-02125/unit-2/home/148677171,MLS PIN,72438705,N,Y,42.314579,-71.060432
MLS Listing,,Condo/Co-op,150 Salem St #3,Boston,MA,02113,725000,1,1.0,North End,790,790,1920,15,918,150,Active,January-27-2019 12:00 PM,January-27-2019 01:30 PM,http://www.redfin.com/MA/Boston/150-Salem-St-02113/unit-3/home/9320473,MLS PIN,72438694,N,Y,42.3656596,-71.0554296
MLS Listing,,Condo/Co-op,319 A St #404,Boston,MA,02210,618000,0,1.0,Seaport District,526,,2016,15,1175,552,Active,January-26-2019 12:00 PM,January-26-2019 01:30 PM,http://www.redfin.com/MA/Boston/319-A-St-02210/unit-404/home/145285827,MLS PIN,72438681,N,Y,42.3488069,-71.0494346
MLS Listing,,Condo/Co-op,198 Hyde Park Ave #1,Boston,MA,02130,479000,2,1.0,Jamaica Plain,984,3792,1915,15,487,180,Active,January-27-2019 01:00 PM,January-27-2019 02:30 PM,http://www.redfin.com/MA/Boston/198-Hyde-Park-Ave-02130/unit-1/home/9324535,MLS PIN,72438672,N,Y,42.2943967,-71.1168424
MLS Listing,,Multi-Family (2-4 Unit),5 Semont Rd,Boston,MA,02124,799000,6,3.0,Dorchester,2934,3029,1910,15,272,,Active,,,http://www.redfin.com/MA/Boston/5-Semont-Rd-02124/home/9083342,MLS PIN,72438658,N,Y,42.2904954,-71.0625677
MLS Listing,,Condo/Co-op,141 Chiswick Rd #3,Boston,MA,02135,649500,4,2.0,Brighton,1195,1195,1920,15,544,715,Active,,,http://www.redfin.com/MA/Boston/141-Chiswick-Rd-02135/unit-3/home/9007451,MLS PIN,72438656,N,Y,42.3410954,-71.1536689
MLS Listing,,Condo/Co-op,303 Sumner St Unit 2L,Boston,MA,02128,789000,2,2.0,East Boston,1305,2812,2018,16,605,277,Active,,,http://www.redfin.com/MA/Boston/303-Sumner-St-02128/unit-2L/home/148655102,MLS PIN,72438642,N,Y,42.3674016,-71.0367069
MLS Listing,,Condo/Co-op,249 Lexington St Unit 1f,Boston,MA,02128,474000,2,1.0,East Boston,791,1835,1900,16,599,231,Active,,,http://www.redfin.com/MA/Boston/249-Lexington-St-02128/unit-1f/home/148650008,MLS PIN,72438636,N,Y,42.3800627,-71.0306797
MLS Listing,,Condo/Co-op,318 Summit Ave #3,Boston,MA,02135,450000,2,1.0,Brighton,710,710,1899,16,634,340,Active,,,http://www.redfin.com/MA/Boston/318-Summit-Ave-02135/unit-3/home/9013643,MLS PIN,72438585,N,Y,42.3451283,-71.1402284
MLS Listing,,Single Family Residential,856 Adams St,Boston,MA,02124,549000,4,1.5,Boston,1486,5853,1920,16,369,,Active,,,http://www.redfin.com/MA/Boston/856-Adams-St-02124/home/9104553,MLS PIN,72438557,N,Y,42.2818676,-71.0586213
MLS Listing,,Condo/Co-op,110 Broad St #803,Boston,MA,02110,3685000,3,3.5,Financial District,2328,,2018,16,1583,1856,Active,,,http://www.redfin.com/MA/Boston/110-Broad-St-02110/unit-803/home/145271279,MLS PIN,72438549,N,Y,42.3573892,-71.0520518
MLS Listing,,Condo/Co-op,110 Broad St #304,Boston,MA,02110,2585000,2,2.5,Financial District,1898,,2018,16,1362,1369,Active,,,http://www.redfin.com/MA/Boston/110-Broad-St-02110/unit-304/home/145264405,MLS PIN,72438548,N,Y,42.3573892,-71.0520518
MLS Listing,,Condo/Co-op,181 H St #2,Boston,MA,02127,469900,1,1.5,Boston,526,575,1900,16,893,169,Active,,,http://www.redfin.com/MA/Boston/181-H-St-02127/unit-2/home/28878094,MLS PIN,72438531,N,Y,42.3316615,-71.0416121
MLS Listing,,Condo/Co-op,1 Avery Unit 30B,Boston,MA,02111,4250000,3,4.5,Midtown,2667,2667,2000,16,1594,4097,Active,,,http://www.redfin.com/MA/Boston/1-Avery-St-02111/unit-30B/home/9312625,MLS PIN,72438522,N,Y,42.3534171,-71.06251
MLS Listing,,Single Family Residential,445 Marlborough,Boston,MA,02115,8995000,6,7.0,Back Bay,6200,2216,1885,16,1451,453,Active,,,http://www.redfin.com/MA/Boston/445-Marlborough-St-02115/home/9270441,MLS PIN,72438520,N,Y,42.3499645,-71.0904231
MLS Listing,,Condo/Co-op,16 Boardman St #21,Boston,MA,02128,599900,2,2.0,East Boston,997,,2018,16,602,303,Active,,,http://www.redfin.com/MA/Boston/16-Boardman-St-02128/unit-21/home/148622798,MLS PIN,72438511,N,Y,42.3874289,-71.0089407
MLS Listing,,Townhouse,58 W Rutland Sq #1,Boston,MA,02118,1649000,2,2.5,South End,1400,,1875,16,1178,227,Active,January-27-2019 02:00 PM,January-27-2019 03:30 PM,http://www.redfin.com/MA/Boston/58-W-Rutland-Sq-02118/unit-1/home/9319757,MLS PIN,72438507,N,Y,42.3428111,-71.0797956
MLS Listing,,Condo/Co-op,110 Stuart St Unit 26E,Boston,MA,02116,2299000,2,2.5,Back Bay,1714,,2009,16,1341,2356,Active,,,http://www.redfin.com/MA/Boston/110-Stuart-St-02116/unit-26E/home/39913337,MLS PIN,72438506,N,Y,42.3509572,-71.0654038
MLS Listing,,Condo/Co-op,64 Queensberry St #311,Boston,MA,02215,529000,1,1.0,The Fenway,450,,1910,16,1176,275,Active,,,http://www.redfin.com/MA/Boston/64-Queensberry-St-02215/unit-311/home/9241509,MLS PIN,72438504,N,Y,42.342194,-71.0982057
MLS Listing,,Condo/Co-op,663 Tremont St #1,Boston,MA,02118,975000,2,1.0,South End,1057,,1900,16,922,239,Active,,,http://www.redfin.com/MA/Boston/663-Tremont-St-02118/unit-1/home/40288259,MLS PIN,72438487,N,Y,42.3420134,-71.0758411
MLS Listing,,Townhouse,5 Cedar St #1,Boston,MA,02119,679000,3,2.0,Boston,1230,,2019,16,552,200,Active,,,http://www.redfin.com/MA/Boston/5-Cedar-St-02119/unit-1/home/148615249,MLS PIN,72438449,N,Y,42.3245,-71.089015
MLS Listing,,Condo/Co-op,53 N Mead St #10,Boston,MA,02129,569000,1,1.0,Charlestown,806,,1988,16,706,450,Active,January-27-2019 12:00 PM,January-27-2019 01:30 PM,http://www.redfin.com/MA/Boston/53-N-Mead-St-02129/unit-10/home/148615071,MLS PIN,72438447,N,Y,42.3825632,-71.0659721
MLS Listing,,Condo/Co-op,150 Dorchester Ave #511,Boston,MA,02127,1350000,2,2.0,South Boston,1409,,2016,16,958,592,Active,January-27-2019 01:00 PM,January-27-2019 02:30 PM,http://www.redfin.com/MA/Boston/150-Dorchester-Ave-02127/unit-511/home/104293561,MLS PIN,72438437,N,Y,42.3418223,-71.0569152
MLS Listing,,Single Family Residential,21 Fairhaven Rd,Newton,MA,02459,2899000,6,6.5,Newton,6360,15898,2019,16,456,,Active,,,http://www.redfin.com/MA/Newton/21-Fairhaven-Rd-02459/home/11486989,MLS PIN,72438424,N,Y,42.297588,-71.177598
MLS Listing,,Condo/Co-op,1662 Commonwealth #33,Boston,MA,02135,300000,0,1.0,Boston,443,445,1925,16,677,210,Active,,,http://www.redfin.com/MA/Boston/1662-Commonwealth-Ave-02135/unit-33/home/9019183,MLS PIN,72438419,N,Y,42.3415848,-71.1446214
MLS Listing,,Condo/Co-op,16 Boardman St #37,Boston,MA,02128,499900,1,1.0,East Boston,766,,2018,16,653,233,Active,,,http://www.redfin.com/MA/Boston/16-Boardman-St-02128/unit-37/home/148611396,MLS PIN,72438402,N,Y,42.3874289,-71.0089407
MLS Listing,,Condo/Co-op,150 Dorchester Ave #510,Boston,MA,02127,1699000,3,2.0,South Boston,1877,,2016,16,905,623,Active,,,http://www.redfin.com/MA/Boston/150-Dorchester-Ave-02127/unit-510/home/105675744,MLS PIN,72438396,N,Y,42.3418223,-71.0569152
MLS Listing,,Townhouse,9 Ingleside St #2,Boston,MA,02125,579000,4,2.0,Boston,1750,,2019,16,331,100,Active,,,http://www.redfin.com/MA/Dorchester/9-Ingleside-St-02125/unit-2/home/148608671,MLS PIN,72438366,N,Y,42.317253,-71.0775244
MLS Listing,,Condo/Co-op,40 Parkton Rd #3,Boston,MA,02130,589900,2,1.0,Jamaica Plain,1215,1215,1900,16,486,200,Active,January-26-2019 12:00 PM,January-26-2019 01:00 PM,http://www.redfin.com/MA/Boston/40-Parkton-Rd-02130/unit-3/home/9137630,MLS PIN,72438326,N,Y,42.3224998,-71.1143957
MLS Listing,,Condo/Co-op,38 P St #5,Boston,MA,02127,829000,2,1.5,South Boston,928,,2019,16,893,335,Active,,,http://www.redfin.com/MA/Boston/38-P-St-02127/unit-5/home/148604963,MLS PIN,72438323,N,Y,42.3369828,-71.0271004
MLS Listing,,Condo/Co-op,38 P St Ph 8,Boston,MA,02127,1449000,2,2.5,South Boston,1681,,2019,16,862,400,Active,,,http://www.redfin.com/MA/Boston/38-P-St-02127/unit-8/home/148604961,MLS PIN,72438322,N,Y,42.3369828,-71.0271004
MLS Listing,,Condo/Co-op,38 P St #3,Boston,MA,02127,799000,2,1.5,South Boston,928,,2019,16,861,335,Active,,,http://www.redfin.com/MA/Boston/38-P-St-02127/unit-3/home/148604959,MLS PIN,72438321,N,Y,42.3369828,-71.0271004
MLS Listing,,Condo/Co-op,150 W Broadway Ph 2,Boston,MA,02127,1200000,2,2.0,South Boston,1200,,2018,16,1000,332,Active,January-27-2019 12:00 PM,January-27-2019 02:00 PM,http://www.redfin.com/MA/Boston/150-W-Broadway-02127/unit-2/home/148604587,MLS PIN,72438319,N,Y,42.3407806,-71.053375
MLS Listing,,Condo/Co-op,150 W Broadway Unit TH2,Boston,MA,02127,999999,2,2.5,South Boston,1416,,2018,16,706,319,Active,January-27-2019 12:00 PM,January-27-2019 02:00 PM,http://www.redfin.com/MA/Boston/150-W-Broadway-02127/unit-TH2/home/148604365,MLS PIN,72438307,N,Y,42.3407806,-71.053375
MLS Listing,,Condo/Co-op,9 W Broadway #613,Boston,MA,02127,1539000,2,2.5,South Boston,1713,,2003,16,898,1502,Active,January-27-2019 11:30 AM,January-27-2019 01:00 PM,http://www.redfin.com/MA/Boston/9-W-Broadway-02127/unit-613/home/9318790,MLS PIN,72438284,N,Y,42.3423405,-71.0578677
MLS Listing,,Condo/Co-op,185 Cornell St #1,Boston,MA,02131,424500,2,1.0,Boston,1123,1123,1905,16,378,173,Active,,,http://www.redfin.com/MA/Boston/185-Cornell-St-02131/unit-1/home/9317827,MLS PIN,72438266,N,Y,42.2791615,-71.1345743
MLS Listing,,Townhouse,3j Dorchester St Unit 3-j,Boston,MA,02127,1099000,3,2.0,South Boston,1581,500,2012,16,695,433,Active,,,http://www.redfin.com/MA/Boston/3-Dorchester-St-02127/unit-3J/home/85680423,MLS PIN,72438264,N,Y,42.3378454,-71.0428562
MLS Listing,,Condo/Co-op,60 Glen Rd Unit T1,Brookline,MA,02445,449000,1,1.0,Brookline Village,788,,1900,16,570,572,Active,,,http://www.redfin.com/MA/Brookline/60-Glen-Rd-02445/unit-T1/home/11489067,MLS PIN,72438251,N,Y,42.3260217,-71.1168849
MLS Listing,,Multi-Family (2-4 Unit),50 Quincy St,Boston,MA,02121,599900,9,2.0,Boston,2983,3789,1900,16,201,,Active,January-25-2019 10:15 AM,January-25-2019 11:15 AM,http://www.redfin.com/MA/Boston/50-Quincy-St-02113/home/9078280,MLS PIN,72438213,N,Y,42.315421,-71.079972
MLS Listing,,Multi-Family (2-4 Unit),6 Cardington St,Boston,MA,02119,650000,7,2.0,Roxbury,3783,4037,1900,16,172,,Active,,,http://www.redfin.com/MA/Boston/6-Cardington-St-02119/home/9295287,MLS PIN,72438198,N,Y,42.3174255,-71.0940906
MLS Listing,,Condo/Co-op,1 Franklin St #3705,Boston,MA,02110,2750000,2,2.5,Boston,1609,,2016,16,1709,1610,Active,,,http://www.redfin.com/MA/Boston/1-Franklin-St-02110/unit-3705/home/145254614,MLS PIN,72438188,N,Y,42.3563166,-71.0595573
MLS Listing,,Townhouse,123 Falcon St #4,Boston,MA,02128,579900,2,2.5,East Boston,1294,,1987,16,448,,Active,January-27-2019 12:00 PM,January-27-2019 01:30 PM,http://www.redfin.com/MA/Boston/123-Falcon-St-02128/unit-4/home/138078903,MLS PIN,72438182,N,Y,42.38183,-71.034093
MLS Listing,,Townhouse,10 Woodmere Dr #5,Milton,MA,02186,1275000,3,2.5,Blue Hills,2700,,2018,16,472,475,Active,,,http://www.redfin.com/MA/Milton/10-Woodmere-Dr-02186/unit-5/home/113058385,MLS PIN,72438178,N,Y,42.2430733,-71.1182369
MLS Listing,,Condo/Co-op,1486 Commonwealth Ave Unit 17C,Boston,MA,02135,399000,1,1.0,Brighton,560,,1910,17,713,393,Active,,,http://www.redfin.com/MA/Boston/1486-Commonwealth-Ave-02135/unit-17C/home/45470425,MLS PIN,72438142,N,Y,42.3465112,-71.1406537
MLS Listing,,Condo/Co-op,320 W 3rd St #203,Boston,MA,02127,829000,2,2.0,Boston,1180,1180,2003,17,703,553,Active,,,http://www.redfin.com/MA/Boston/320-W-3rd-St-02127/unit-203/home/148602880,MLS PIN,72438141,N,Y,42.3370485,-71.0455517
MLS Listing,,Single Family Residential,767 E Fourth,Boston,MA,02127,989000,6,3.0,South Boston,2200,1601,1900,17,450,,Active,,,http://www.redfin.com/MA/Boston/767-E-4th-St-02127/home/9197584,MLS PIN,72438098,N,Y,42.3344988,-71.0330677
MLS Listing,,Condo/Co-op,339 E St #1,Boston,MA,02127,575000,2,1.0,South Boston,683,683,1885,17,842,171,Active,,,http://www.redfin.com/MA/Boston/339-E-St-02127/unit-1/home/18982709,MLS PIN,72438084,N,Y,42.3382369,-71.0485203
MLS Listing,,Condo/Co-op,121 Salem St Unit 3C,Boston,MA,02113,450000,1,1.0,North End,460,460,1920,17,978,176,Active,January-26-2019 12:00 PM,January-26-2019 01:30 PM,http://www.redfin.com/MA/Boston/121-Salem-St-02113/unit-3C/home/9278432,MLS PIN,72438079,N,Y,42.3645604,-71.0553766
MLS Listing,,Multi-Family (2-4 Unit),225 Bowen St,Boston,MA,02127,1240000,3,3.0,South Boston,2178,1117,1900,17,569,,Active,,,http://www.redfin.com/MA/Boston/225-Bowen-St-02127/home/9195805,MLS PIN,72438063,N,Y,42.3354221,-71.0502643
MLS Listing,,Condo/Co-op,110 Broad St #401,Boston,MA,02110,1849000,1,1.5,Waterfront,1410,,2018,17,1311,925,Active,January-27-2019 01:00 PM,January-27-2019 02:00 PM,http://www.redfin.com/MA/Boston/110-Broad-St-02110/unit-401/home/148601943,MLS PIN,72438006,N,Y,42.3573892,-71.0520518
MLS Listing,,Condo/Co-op,74 Bryon Rd #2,Boston,MA,02134,329900,2,1.0,West Roxbury's Chestnut Hill,780,780,1955,17,423,334,Active,,,http://www.redfin.com/MA/Boston/74-Bryon-Rd-02134/unit-2/home/148601283,MLS PIN,72437874,N,Y,42.3593008,-71.1270268
MLS Listing,,Condo/Co-op,176 Humboldt Ave #5,Boston,MA,02121,499000,3,2.0,Roxbury,1291,,2018,17,387,315,Active,,,http://www.redfin.com/MA/Boston/176-Humboldt-Ave-02121/unit-5/home/145561863,MLS PIN,72437864,N,Y,42.3137873,-71.088659
MLS Listing,,Single Family Residential,34 Horace St,Boston,MA,02128,445000,3,1.5,Boston,1106,2500,1910,17,402,,Active,,,http://www.redfin.com/MA/Boston/34-Horace-St-02128/home/9115296,MLS PIN,72437857,N,Y,42.381865,-71.018796
MLS Listing,,Condo/Co-op,437 D St Unit 3A,Boston,MA,02210,1350000,2,2.0,Seaport District,1500,,1920,17,900,478,Active,,,http://www.redfin.com/MA/Boston/437-D-St-02210/unit-3A/home/9185871,MLS PIN,72437840,N,Y,42.3451429,-71.0429517
MLS Listing,,Condo/Co-op,141 Dorchester Ave Unit 1001/1002,Boston,MA,02127,3995000,3,2.5,South Boston,2801,,2008,17,1426,2398,Active,,,http://www.redfin.com/MA/Boston/141-Dorchester-Ave-02127/unit-1001-1002/home/148601014,MLS PIN,72437832,N,Y,42.3419516,-71.0574969
MLS Listing,,Multi-Family (5+ Unit),387 Beacon St,Boston,MA,02116,4900000,1,1.5,Back Bay,5150,2016,1899,17,951,,Active,,,http://www.redfin.com/MA/Boston/387-Beacon-St-02116/home/9245118,MLS PIN,72437798,N,Y,42.351839,-71.084805
MLS Listing,,Condo/Co-op,566 Commonwealth Ave #502,Boston,MA,02215,714000,2,2.0,Kenmore Square,1245,,1968,17,573,1653,Active,January-26-2019 12:00 PM,January-26-2019 01:30 PM,http://www.redfin.com/MA/Boston/566-Commonwealth-Ave-02215/unit-502/home/148600156,MLS PIN,72437731,N,Y,42.3487227,-71.0988578
MLS Listing,,Condo/Co-op,99 Pond Ave #314,Brookline,MA,02445,549888,1,1.0,Brookline,870,,1970,19,632,656,Active,,,http://www.redfin.com/MA/Brookline/99-Pond-Ave-02445/unit-314/home/145665351,MLS PIN,72437547,N,Y,42.3295349,-71.1155609
MLS Listing,,Condo/Co-op,287 Old Colony #3,Boston,MA,02127,829000,2,2.0,South Boston,1250,9999,2019,19,663,250,Active,,,http://www.redfin.com/MA/Boston/287-Old-Colony-Ave-02127/unit-3/home/148587967,MLS PIN,72437500,N,Y,42.3301553,-71.0528527
MLS Listing,,Single Family Residential,746 River St,Boston,MA,02136,439974,4,2.0,Hyde Park,1965,6192,1910,19,224,,Active,,,http://www.redfin.com/MA/Boston/746-River-St-02136/home/148566249,MLS PIN,72437437,N,Y,42.2527785,-71.1299976
MLS Listing,,Parking,25 Savoy,Boston,MA,02118,200000,,,South End,,,,19,,212,Active,,,http://www.redfin.com/MA/Boston/25-Savoy-St-02118/unit-PK-208-209/home/144478964,MLS PIN,72437419,N,Y,42.3417408,-71.06735
MLS Listing,,Condo/Co-op,188 Brookline Ave Ph 29D,Boston,MA,02215,4872300,3,3.0,The Fenway,2344,,2018,19,2079,2993,Active,January-27-2019 12:00 PM,January-27-2019 01:30 PM,http://www.redfin.com/MA/Boston/188-Brookline-Ave-02215/unit-29D/home/148582814,MLS PIN,72437395,N,Y,42.3437734,-71.1017218
MLS Listing,,Condo/Co-op,188 Brookline Ave Ph 28E,Boston,MA,02215,2995200,2,2.5,The Fenway,1872,,2018,19,1600,2521,Active,January-27-2019 12:00 PM,January-27-2019 01:30 PM,http://www.redfin.com/MA/Boston/188-Brookline-Ave-02215/unit-28E/home/146176308,MLS PIN,72437394,N,Y,42.3437734,-71.1017218
MLS Listing,,Condo/Co-op,250 Dudley St #4,Boston,MA,02119,350000,3,1.0,Boston,1578,,1989,20,222,419,Active,,,http://www.redfin.com/MA/Boston/250-Dudley-St-02119/unit-4/home/9286021,MLS PIN,72437348,N,Y,42.3287509,-71.0794511
MLS Listing,,Condo/Co-op,188 Brookline Ave Ph 29-B,Boston,MA,02215,3954500,2,2.5,The Fenway,2055,,2018,20,1924,2867,Active,January-27-2019 12:00 PM,January-27-2019 01:30 PM,http://www.redfin.com/MA/Boston/188-Brookline-Ave-02215/unit-29-B/home/146173646,MLS PIN,72437327,N,Y,42.3437734,-71.1017218
MLS Listing,,Condo/Co-op,188 Brookline Ave Unit 22A,Boston,MA,02215,2682700,3,2.5,The Fenway,1852,,2018,20,1449,2286,Active,January-27-2019 12:00 PM,January-27-2019 01:30 PM,http://www.redfin.com/MA/Boston/188-Brookline-Ave-02215/unit-22A/home/148581744,MLS PIN,72437313,N,Y,42.3437734,-71.1017218
MLS Listing,,Townhouse,241 Perkins St Unit J601,Boston,MA,02130,999000,3,3.0,Jamaica Plain,2280,1001880,1976,20,438,1244,Active,,,http://www.redfin.com/MA/Boston/241-Perkins-St-02130/unit-J601/home/11835750,MLS PIN,72437258,N,Y,42.3217324,-71.1222456
MLS Listing,,Multi-Family (2-4 Unit),81-83 Victory Rd,Boston,MA,02122,950000,9,3.0,Dorchester's Neponset,3024,4073,1905,20,314,,Active,,,http://www.redfin.com/MA/Boston/81-Victory-Rd-02122/home/9095419,MLS PIN,72437153,N,Y,42.2967629,-71.051708
MLS Listing,,Condo/Co-op,40 Traveler #303,Boston,MA,02118,1195000,2,2.0,South End,1288,,2018,20,928,912,Active,,,http://www.redfin.com/MA/Boston/40-Traveler-St-02118/unit-303/home/120566463,MLS PIN,72437011,N,Y,42.3443125,-71.0629483
MLS Listing,,Condo/Co-op,40 Traveler #603,Boston,MA,02118,1485000,2,2.5,South End,1394,,2018,20,1065,1037,Active,,,http://www.redfin.com/MA/Boston/40-Traveler-St-02118/unit-603/home/148575645,MLS PIN,72437010,N,Y,42.3443125,-71.0629483
MLS Listing,,Condo/Co-op,40 Traveler #608,Boston,MA,02118,1495000,2,2.0,South End,1144,,2018,20,1307,1029,Active,,,http://www.redfin.com/MA/Boston/40-Traveler-St-02118/unit-608/home/112870852,MLS PIN,72437009,N,Y,42.3443125,-71.0629483
MLS Listing,,Condo/Co-op,40 Traveler #702,Boston,MA,02118,1299000,2,2.0,South End,1144,,2018,20,1135,1079,Active,,,http://www.redfin.com/MA/Boston/40-Traveler-St-02118/unit-702/home/148575643,MLS PIN,72437008,N,Y,42.3443125,-71.0629483
MLS Listing,,Condo/Co-op,121 Portland St #503,Boston,MA,02114,799999,1,2.0,Midtown,810,,2017,21,988,554,Active,,,http://www.redfin.com/MA/Boston/121-Portland-St-02114/unit-503/home/102580413,MLS PIN,72436934,N,Y,42.3635838,-71.0605017
MLS Listing,,Condo/Co-op,33 Condor #2,Boston,MA,02128,629000,3,2.0,East Boston,1039,,1900,21,605,200,Active,,,http://www.redfin.com/MA/Boston/33-Condor-St-02128/unit-2/home/146728443,MLS PIN,72436868,N,Y,42.3824593,-71.0388427
MLS Listing,,Condo/Co-op,9 Rowell St #3,Boston,MA,02125,449000,3,1.0,Dorchester's Savin Hill,1100,,1921,21,408,150,Active,January-24-2019 05:30 PM,January-24-2019 06:45 PM,http://www.redfin.com/MA/Dorchester/9-Rowell-St-02125/unit-3/home/148431404,MLS PIN,72436863,N,Y,42.3131836,-71.0640069
MLS Listing,,Multi-Family (2-4 Unit),234 W Selden,Boston,MA,02126,379000,4,3.5,Mattapan,1819,4962,1905,21,208,,Active,,,http://www.redfin.com/MA/Mattapan/234-W-Selden-St-02126/home/9154947,MLS PIN,72436851,N,Y,42.2734248,-71.0893089
MLS Listing,,Condo/Co-op,59 Goodale Rd Unit 2A,Boston,MA,02126,350000,4,1.0,Boston,1389,,1905,21,252,218,Active,,,http://www.redfin.com/MA/Mattapan/59-Goodale-Rd-02126/unit-2A/home/148570941,MLS PIN,72436769,N,Y,42.2841289,-71.0940906
MLS Listing,,Condo/Co-op,2 Battery Wharf #2407,Boston,MA,02109,996000,1,1.5,Waterfront,960,960,2008,21,1038,1530,Active,,,http://www.redfin.com/MA/Boston/2-Battery-Wharf-02109/unit-2407/home/17486349,MLS PIN,72436750,N,Y,42.3671015,-71.0504206
MLS Listing,,Condo/Co-op,45 Temple St #306,Boston,MA,02108,3700000,2,2.5,Beacon Hill,2143,,2019,21,1727,2518,Active,,,http://www.redfin.com/MA/Boston/45-Temple-Pl-02111/unit-306/home/148570492,MLS PIN,72436675,N,Y,42.3548993,-71.0619177
MLS Listing,,Condo/Co-op,343 Commercial St #302,Boston,MA,02109,1850000,2,2.0,Waterfront,1600,,1830,21,1156,951,Active,,,http://www.redfin.com/MA/Boston/343-Commercial-St-02109/unit-302/home/9257695,MLS PIN,72436621,N,Y,42.3652522,-71.0498124
